"El periodico de Catalunya"	"United States of America"	"549"
"El periodico de Catalunya"	"Ukraine"	"481"
"El periodico de Catalunya"	"France"	"379"
"El periodico de Catalunya"	"United Kingdom"	"351"
"El periodico de Catalunya"	"Israel"	"316"
"El periodico de Catalunya"	"Greece"	"263"
"El periodico de Catalunya"	"Syria"	"248"
"El periodico de Catalunya"	"Spain"	"245"
"El periodico de Catalunya"	"Iraq"	"201"
"El periodico de Catalunya"	"Germany"	"165"
"El periodico de Catalunya"	"China"	"141"
"El periodico de Catalunya"	"Turkey"	"136"
"El periodico de Catalunya"	"Italy"	"128"
"El periodico de Catalunya"	"Egypt"	"106"
"El periodico de Catalunya"	"Iran"	"88"
"El periodico de Catalunya"	"Nigeria"	"87"
"El periodico de Catalunya"	"Nepal"	"85"
"El periodico de Catalunya"	"Tunisia"	"82"
"El periodico de Catalunya"	"Mexico"	"81"
"El periodico de Catalunya"	"Cuba"	"80"
"El periodico de Catalunya"	"Vatican"	"79"
"El periodico de Catalunya"	"Belgium"	"76"
"El periodico de Catalunya"	"Colombia"	"76"
"El periodico de Catalunya"	"Venezuela"	"73"
"El periodico de Catalunya"	"Afghanistan"	"71"
"El periodico de Catalunya"	"Argentina"	"71"
"El periodico de Catalunya"	"Libya"	"70"
"El periodico de Catalunya"	"Brazil"	"69"
"El periodico de Catalunya"	"Chile"	"67"
"El periodico de Catalunya"	"India"	"67"
"El periodico de Catalunya"	"North Korea"	"67"
"El periodico de Catalunya"	"Saudi Arabia"	"57"
"El periodico de Catalunya"	"Yemen"	"56"
"El periodico de Catalunya"	"Bolivia"	"53"
"El periodico de Catalunya"	"South Korea"	"49"
"El periodico de Catalunya"	"Malaysia"	"49"
"El periodico de Catalunya"	"Australia"	"48"
"El periodico de Catalunya"	"Morocco"	"44"
"El periodico de Catalunya"	"Hong Kong"	"40"
"El periodico de Catalunya"	"Pakistan"	"37"
"El periodico de Catalunya"	"Canada"	"34"
"El periodico de Catalunya"	"Indonesia"	"31"
"El periodico de Catalunya"	"Seychelles"	"30"
"El periodico de Catalunya"	"Thailand"	"24"
"El periodico de Catalunya"	"Lebanon"	"23"
"El periodico de Catalunya"	"Jordan"	"23"
"El periodico de Catalunya"	"Japan"	"23"
"El periodico de Catalunya"	"Hungary"	"21"
"El periodico de Catalunya"	"Portugal"	"21"
"El periodico de Catalunya"	"Kenya"	"21"
"El periodico de Catalunya"	"Sudan"	"21"
"El periodico de Catalunya"	"Switzerland"	"21"
"El periodico de Catalunya"	"Denmark"	"20"
"El periodico de Catalunya"	"Poland"	"19"
"El periodico de Catalunya"	"Sweden"	"18"
"El periodico de Catalunya"	"Algeria"	"18"
"El periodico de Catalunya"	"South Africa"	"16"
"El periodico de Catalunya"	"Armenia"	"15"
"El periodico de Catalunya"	"Bangladesh"	"15"
"El periodico de Catalunya"	"Uruguay"	"15"
"El periodico de Catalunya"	"Philippines"	"13"
"El periodico de Catalunya"	"Somalia"	"13"
"El periodico de Catalunya"	"Belarus"	"13"
"El periodico de Catalunya"	"Guatemala"	"13"
"El periodico de Catalunya"	"South Sudan"	"11"
"El periodico de Catalunya"	"Qatar"	"11"
"El periodico de Catalunya"	"Guinea"	"10"
"El periodico de Catalunya"	"Ireland"	"10"
"El periodico de Catalunya"	"Austria"	"10"
"El periodico de Catalunya"	"Burkina Faso"	"10"
"El periodico de Catalunya"	"Nicaragua"	"8"
"El periodico de Catalunya"	"Taiwan"	"8"
"El periodico de Catalunya"	"Norway"	"8"
"El periodico de Catalunya"	"Serbia"	"7"
"El periodico de Catalunya"	"Luxembourg"	"7"
"El periodico de Catalunya"	"Georgia"	"7"
"El periodico de Catalunya"	"Myanmar"	"7"
"El periodico de Catalunya"	"Liberia"	"6"
"El periodico de Catalunya"	"Panama"	"6"
"El periodico de Catalunya"	"Sierra Leone"	"6"
"El periodico de Catalunya"	"Vietnam"	"6"
"El periodico de Catalunya"	"Rwanda"	"6"
"El periodico de Catalunya"	"Honduras"	"5"
"El periodico de Catalunya"	"Kuwait"	"5"
"El periodico de Catalunya"	"Paraguay"	"5"
"El periodico de Catalunya"	"Chad"	"5"
"El periodico de Catalunya"	"Burundi"	"5"
"El periodico de Catalunya"	"El Salvador"	"5"
"El periodico de Catalunya"	"Haiti"	"5"
"El periodico de Catalunya"	"Czech Republic"	"4"
"El periodico de Catalunya"	"Macedonia"	"4"
"El periodico de Catalunya"	"Romania"	"4"
"El periodico de Catalunya"	"Singapore"	"4"
"El periodico de Catalunya"	"Slovenia"	"4"
"El periodico de Catalunya"	"Central African Republic"	"4"
"El periodico de Catalunya"	"Iceland"	"4"
"El periodico de Catalunya"	"Niger"	"3"
"El periodico de Catalunya"	"Senegal"	"3"
"El periodico de Catalunya"	"Croatia"	"3"
"El periodico de Catalunya"	"Ethiopia"	"3"
"El periodico de Catalunya"	"Cameroon"	"3"
"El periodico de Catalunya"	"Sri Lanka"	"3"
"El periodico de Catalunya"	"Dominican Republic"	"3"
"El periodico de Catalunya"	"Congo"	"3"
"El periodico de Catalunya"	"Mauritania"	"3"
"El periodico de Catalunya"	"Costa Rica"	"2"
"El periodico de Catalunya"	"United Arab Emirates"	"2"
"El periodico de Catalunya"	"Vanuatu"	"2"
"El periodico de Catalunya"	"Slovakia"	"2"
"El periodico de Catalunya"	"Bulgaria"	"2"
"El periodico de Catalunya"	"Ghana"	"2"
"El periodico de Catalunya"	"Finland"	"2"
"El periodico de Catalunya"	"Western Sahara"	"2"
"El periodico de Catalunya"	"Eritrea"	"2"
"El periodico de Catalunya"	"Madagascar"	"2"
"El periodico de Catalunya"	"Andorra"	"2"
"El periodico de Catalunya"	"Malta"	"2"
"El periodico de Catalunya"	"Lithuania"	"2"
"El periodico de Catalunya"	"Mali"	"2"
"El periodico de Catalunya"	"Mozambique"	"1"
"El periodico de Catalunya"	"Uzbekistan"	"1"
"El periodico de Catalunya"	"Djibouti"	"1"
"El periodico de Catalunya"	"Peru"	"1"
"El periodico de Catalunya"	"Palau"	"1"
"El periodico de Catalunya"	"Bahamas"	"1"
"El periodico de Catalunya"	"Fiji"	"1"
"El periodico de Catalunya"	"Barbados"	"1"
"El periodico de Catalunya"	"Zambia"	"1"
"El periodico de Catalunya"	"Latvia"	"1"
"El periodico de Catalunya"	"Jamaica"	"1"
"El periodico de Catalunya"	"Moldova"	"1"
"El periodico de Catalunya"	"Tonga"	"1"
"El periodico de Catalunya"	"Albania"	"1"
"El periodico de Catalunya"	"Papua New Guinea"	"1"
"El periodico de Catalunya"	"Turkmenistan"	"1"
"El periodico de Catalunya"	"Bahrain"	"1"
"El periodico de Catalunya"	"Cambodia"	"1"
"El periodico de Catalunya"	"Estonia"	"1"
"El periodico de Catalunya"	"Bhutan"	"1"
"El periodico de Catalunya"	"Gambia"	"1"
