"en_AUS_hersun_int"	"Herald Sun"	"2014-02-04 09:01:32.0"	"Afghanistan"	"1"
"en_AUS_hersun_int"	"Herald Sun"	"2014-03-01 05:17:19.0"	"Afghanistan"	"1"
"en_AUS_hersun_int"	"Herald Sun"	"2014-03-17 06:20:12.0"	"Afghanistan"	"1"
"en_AUS_hersun_int"	"Herald Sun"	"2014-04-03 07:47:02.0"	"Afghanistan"	"1"
"en_AUS_hersun_int"	"Herald Sun"	"2014-04-11 04:43:08.0"	"Afghanistan"	"1"
"en_AUS_hersun_int"	"Herald Sun"	"2014-04-23 05:19:35.0"	"Afghanistan"	"1"
"en_AUS_hersun_int"	"Herald Sun"	"2014-04-25 01:18:30.0"	"Afghanistan"	"1"
"en_AUS_hersun_int"	"Herald Sun"	"2014-05-13 10:16:04.0"	"Afghanistan"	"1"
"en_AUS_hersun_int"	"Herald Sun"	"2014-06-01 03:18:34.0"	"Afghanistan"	"1"
"en_AUS_hersun_int"	"Herald Sun"	"2014-07-02 02:02:46.0"	"Afghanistan"	"4"
"en_AUS_hersun_int"	"Herald Sun"	"2014-07-09 11:08:32.0"	"Afghanistan"	"1"
"en_AUS_hersun_int"	"Herald Sun"	"2014-07-16 03:18:29.0"	"Afghanistan"	"1"
"en_AUS_hersun_int"	"Herald Sun"	"2014-08-01 00:31:41.0"	"Afghanistan"	"1"
"en_AUS_hersun_int"	"Herald Sun"	"2014-08-26 00:32:28.0"	"Afghanistan"	"1"
"en_AUS_hersun_int"	"Herald Sun"	"2014-09-28 08:16:15.0"	"Afghanistan"	"1"
"en_AUS_hersun_int"	"Herald Sun"	"2014-09-29 00:16:33.0"	"Afghanistan"	"1"
"en_AUS_hersun_int"	"Herald Sun"	"2014-10-09 04:20:21.0"	"Afghanistan"	"1"
"en_AUS_hersun_int"	"Herald Sun"	"2014-10-21 11:20:51.0"	"Afghanistan"	"1"
"en_AUS_hersun_int"	"Herald Sun"	"2014-10-29 01:23:55.0"	"Afghanistan"	"3"
"en_AUS_hersun_int"	"Herald Sun"	"2014-11-12 03:38:12.0"	"Afghanistan"	"1"
"en_AUS_hersun_int"	"Herald Sun"	"2014-11-13 07:38:32.0"	"Afghanistan"	"1"
"en_AUS_hersun_int"	"Herald Sun"	"2014-11-18 09:43:35.0"	"Afghanistan"	"1"
"en_AUS_hersun_int"	"Herald Sun"	"2014-12-03 08:45:07.0"	"Afghanistan"	"1"
"en_AUS_hersun_int"	"Herald Sun"	"2015-01-26 23:02:58.0"	"Afghanistan"	"1"
"en_AUS_hersun_int"	"Herald Sun"	"2015-02-19 07:26:58.0"	"Afghanistan"	"1"
"en_AUS_hersun_int"	"Herald Sun"	"2015-02-25 09:11:26.0"	"Afghanistan"	"1"
"en_AUS_hersun_int"	"Herald Sun"	"2015-03-20 21:40:19.0"	"Afghanistan"	"1"
"en_AUS_hersun_int"	"Herald Sun"	"2015-03-21 00:40:21.0"	"Afghanistan"	"3"
"en_AUS_hersun_int"	"Herald Sun"	"2015-03-24 09:19:29.0"	"Afghanistan"	"1"
"en_AUS_hersun_int"	"Herald Sun"	"2015-06-15 06:33:23.0"	"Afghanistan"	"1"
"en_AUS_hersun_int"	"Herald Sun"	"2014-04-15 09:46:22.0"	"United Arab Emirates"	"1"
"en_AUS_hersun_int"	"Herald Sun"	"2014-01-01 05:47:29.0"	"Australia"	"5"
"en_AUS_hersun_int"	"Herald Sun"	"2014-01-02 02:47:22.0"	"Australia"	"2"
"en_AUS_hersun_int"	"Herald Sun"	"2014-01-03 02:42:09.0"	"Australia"	"3"
"en_AUS_hersun_int"	"Herald Sun"	"2014-01-04 02:42:08.0"	"Australia"	"5"
"en_AUS_hersun_int"	"Herald Sun"	"2014-01-06 01:42:05.0"	"Australia"	"4"
"en_AUS_hersun_int"	"Herald Sun"	"2014-01-08 01:46:11.0"	"Australia"	"5"
"en_AUS_hersun_int"	"Herald Sun"	"2014-01-09 00:46:09.0"	"Australia"	"12"
"en_AUS_hersun_int"	"Herald Sun"	"2014-01-10 01:46:08.0"	"Australia"	"5"
"en_AUS_hersun_int"	"Herald Sun"	"2014-01-11 06:48:24.0"	"Australia"	"4"
"en_AUS_hersun_int"	"Herald Sun"	"2014-01-12 01:48:22.0"	"Australia"	"6"
"en_AUS_hersun_int"	"Herald Sun"	"2014-01-13 01:48:15.0"	"Australia"	"5"
"en_AUS_hersun_int"	"Herald Sun"	"2014-01-14 01:47:22.0"	"Australia"	"7"
"en_AUS_hersun_int"	"Herald Sun"	"2014-01-15 01:51:25.0"	"Australia"	"12"
"en_AUS_hersun_int"	"Herald Sun"	"2014-01-16 01:26:40.0"	"Australia"	"4"
"en_AUS_hersun_int"	"Herald Sun"	"2014-01-17 05:26:40.0"	"Australia"	"7"
"en_AUS_hersun_int"	"Herald Sun"	"2014-01-18 04:26:37.0"	"Australia"	"3"
"en_AUS_hersun_int"	"Herald Sun"	"2014-01-19 07:26:33.0"	"Australia"	"5"
"en_AUS_hersun_int"	"Herald Sun"	"2014-01-20 03:26:30.0"	"Australia"	"4"
"en_AUS_hersun_int"	"Herald Sun"	"2014-01-21 05:26:24.0"	"Australia"	"3"
"en_AUS_hersun_int"	"Herald Sun"	"2014-01-22 02:26:19.0"	"Australia"	"8"
"en_AUS_hersun_int"	"Herald Sun"	"2014-01-23 01:30:44.0"	"Australia"	"7"
"en_AUS_hersun_int"	"Herald Sun"	"2014-01-24 00:32:21.0"	"Australia"	"7"
"en_AUS_hersun_int"	"Herald Sun"	"2014-01-25 04:35:40.0"	"Australia"	"2"
"en_AUS_hersun_int"	"Herald Sun"	"2014-01-26 04:38:06.0"	"Australia"	"14"
"en_AUS_hersun_int"	"Herald Sun"	"2014-01-27 05:53:34.0"	"Australia"	"1"
"en_AUS_hersun_int"	"Herald Sun"	"2014-01-28 02:53:32.0"	"Australia"	"7"
"en_AUS_hersun_int"	"Herald Sun"	"2014-01-29 00:53:27.0"	"Australia"	"7"
"en_AUS_hersun_int"	"Herald Sun"	"2014-01-30 02:53:17.0"	"Australia"	"6"
"en_AUS_hersun_int"	"Herald Sun"	"2014-01-31 02:53:09.0"	"Australia"	"2"
"en_AUS_hersun_int"	"Herald Sun"	"2014-02-01 00:53:06.0"	"Australia"	"4"
"en_AUS_hersun_int"	"Herald Sun"	"2014-02-02 07:56:55.0"	"Australia"	"5"
"en_AUS_hersun_int"	"Herald Sun"	"2014-02-03 03:56:51.0"	"Australia"	"9"
"en_AUS_hersun_int"	"Herald Sun"	"2014-02-04 00:56:51.0"	"Australia"	"5"
"en_AUS_hersun_int"	"Herald Sun"	"2014-02-05 01:01:38.0"	"Australia"	"6"
"en_AUS_hersun_int"	"Herald Sun"	"2014-02-06 00:01:21.0"	"Australia"	"4"
"en_AUS_hersun_int"	"Herald Sun"	"2014-02-07 05:21:25.0"	"Australia"	"3"
"en_AUS_hersun_int"	"Herald Sun"	"2014-02-08 02:21:22.0"	"Australia"	"3"
"en_AUS_hersun_int"	"Herald Sun"	"2014-02-10 01:36:42.0"	"Australia"	"6"
"en_AUS_hersun_int"	"Herald Sun"	"2014-02-11 00:36:43.0"	"Australia"	"12"
"en_AUS_hersun_int"	"Herald Sun"	"2014-02-12 01:36:43.0"	"Australia"	"4"
"en_AUS_hersun_int"	"Herald Sun"	"2014-02-13 01:40:04.0"	"Australia"	"9"
"en_AUS_hersun_int"	"Herald Sun"	"2014-02-14 00:43:30.0"	"Australia"	"10"
"en_AUS_hersun_int"	"Herald Sun"	"2014-02-15 05:46:28.0"	"Australia"	"4"
"en_AUS_hersun_int"	"Herald Sun"	"2014-02-16 00:46:26.0"	"Australia"	"2"
"en_AUS_hersun_int"	"Herald Sun"	"2014-02-17 01:47:01.0"	"Australia"	"6"
"en_AUS_hersun_int"	"Herald Sun"	"2014-02-18 01:50:03.0"	"Australia"	"3"
"en_AUS_hersun_int"	"Herald Sun"	"2014-02-19 01:53:00.0"	"Australia"	"3"
"en_AUS_hersun_int"	"Herald Sun"	"2014-02-20 00:53:00.0"	"Australia"	"7"
"en_AUS_hersun_int"	"Herald Sun"	"2014-02-21 00:53:13.0"	"Australia"	"8"
"en_AUS_hersun_int"	"Herald Sun"	"2014-02-22 03:53:16.0"	"Australia"	"2"
"en_AUS_hersun_int"	"Herald Sun"	"2014-02-23 22:54:35.0"	"Australia"	"1"
"en_AUS_hersun_int"	"Herald Sun"	"2014-02-24 02:54:36.0"	"Australia"	"3"
"en_AUS_hersun_int"	"Herald Sun"	"2014-02-25 02:57:02.0"	"Australia"	"3"
"en_AUS_hersun_int"	"Herald Sun"	"2014-02-26 01:58:13.0"	"Australia"	"1"
"en_AUS_hersun_int"	"Herald Sun"	"2014-02-27 00:09:00.0"	"Australia"	"4"
"en_AUS_hersun_int"	"Herald Sun"	"2014-02-28 01:15:28.0"	"Australia"	"4"
"en_AUS_hersun_int"	"Herald Sun"	"2014-03-02 00:17:18.0"	"Australia"	"2"
"en_AUS_hersun_int"	"Herald Sun"	"2014-03-03 02:19:08.0"	"Australia"	"7"
"en_AUS_hersun_int"	"Herald Sun"	"2014-03-04 00:21:57.0"	"Australia"	"2"
"en_AUS_hersun_int"	"Herald Sun"	"2014-03-05 00:21:56.0"	"Australia"	"5"
"en_AUS_hersun_int"	"Herald Sun"	"2014-03-06 00:23:51.0"	"Australia"	"6"
"en_AUS_hersun_int"	"Herald Sun"	"2014-03-07 04:40:41.0"	"Australia"	"3"
"en_AUS_hersun_int"	"Herald Sun"	"2014-03-09 00:27:14.0"	"Australia"	"1"
"en_AUS_hersun_int"	"Herald Sun"	"2014-03-10 08:27:30.0"	"Australia"	"6"
"en_AUS_hersun_int"	"Herald Sun"	"2014-03-11 01:12:47.0"	"Australia"	"6"
"en_AUS_hersun_int"	"Herald Sun"	"2014-03-12 05:42:25.0"	"Australia"	"1"
"en_AUS_hersun_int"	"Herald Sun"	"2014-03-13 00:34:37.0"	"Australia"	"10"
"en_AUS_hersun_int"	"Herald Sun"	"2014-03-14 00:45:27.0"	"Australia"	"7"
"en_AUS_hersun_int"	"Herald Sun"	"2014-03-15 00:17:28.0"	"Australia"	"2"
"en_AUS_hersun_int"	"Herald Sun"	"2014-03-16 04:19:53.0"	"Australia"	"5"
"en_AUS_hersun_int"	"Herald Sun"	"2014-03-17 00:20:08.0"	"Australia"	"6"
"en_AUS_hersun_int"	"Herald Sun"	"2014-03-18 00:20:25.0"	"Australia"	"7"
"en_AUS_hersun_int"	"Herald Sun"	"2014-03-19 05:20:50.0"	"Australia"	"2"
"en_AUS_hersun_int"	"Herald Sun"	"2014-03-20 03:16:18.0"	"Australia"	"1"
"en_AUS_hersun_int"	"Herald Sun"	"2014-03-21 03:16:32.0"	"Australia"	"7"
"en_AUS_hersun_int"	"Herald Sun"	"2014-03-22 03:16:47.0"	"Australia"	"1"
"en_AUS_hersun_int"	"Herald Sun"	"2014-03-23 15:17:07.0"	"Australia"	"1"
"en_AUS_hersun_int"	"Herald Sun"	"2014-03-24 00:17:12.0"	"Australia"	"4"
"en_AUS_hersun_int"	"Herald Sun"	"2014-03-25 02:17:32.0"	"Australia"	"12"
"en_AUS_hersun_int"	"Herald Sun"	"2014-03-26 02:17:45.0"	"Australia"	"3"
"en_AUS_hersun_int"	"Herald Sun"	"2014-03-27 00:17:57.0"	"Australia"	"3"
"en_AUS_hersun_int"	"Herald Sun"	"2014-03-28 00:22:36.0"	"Australia"	"2"
"en_AUS_hersun_int"	"Herald Sun"	"2014-03-29 22:18:55.0"	"Australia"	"1"
"en_AUS_hersun_int"	"Herald Sun"	"2014-03-30 09:19:02.0"	"Australia"	"3"
"en_AUS_hersun_int"	"Herald Sun"	"2014-03-31 01:19:16.0"	"Australia"	"6"
"en_AUS_hersun_int"	"Herald Sun"	"2014-04-01 09:20:32.0"	"Australia"	"2"
"en_AUS_hersun_int"	"Herald Sun"	"2014-04-02 02:46:40.0"	"Australia"	"4"
"en_AUS_hersun_int"	"Herald Sun"	"2014-04-03 03:46:57.0"	"Australia"	"4"
"en_AUS_hersun_int"	"Herald Sun"	"2014-04-04 01:47:13.0"	"Australia"	"9"
"en_AUS_hersun_int"	"Herald Sun"	"2014-04-05 03:47:30.0"	"Australia"	"2"
"en_AUS_hersun_int"	"Herald Sun"	"2014-04-06 04:47:43.0"	"Australia"	"2"
"en_AUS_hersun_int"	"Herald Sun"	"2014-04-07 00:47:58.0"	"Australia"	"4"
"en_AUS_hersun_int"	"Herald Sun"	"2014-04-08 05:17:31.0"	"Australia"	"7"
"en_AUS_hersun_int"	"Herald Sun"	"2014-04-09 09:42:38.0"	"Australia"	"2"
"en_AUS_hersun_int"	"Herald Sun"	"2014-04-10 06:42:54.0"	"Australia"	"1"
"en_AUS_hersun_int"	"Herald Sun"	"2014-04-11 02:43:06.0"	"Australia"	"2"
"en_AUS_hersun_int"	"Herald Sun"	"2014-04-12 05:45:29.0"	"Australia"	"2"
"en_AUS_hersun_int"	"Herald Sun"	"2014-04-13 06:45:48.0"	"Australia"	"3"
"en_AUS_hersun_int"	"Herald Sun"	"2014-04-14 20:46:13.0"	"Australia"	"4"
"en_AUS_hersun_int"	"Herald Sun"	"2014-04-15 02:46:18.0"	"Australia"	"10"
"en_AUS_hersun_int"	"Herald Sun"	"2014-04-16 02:46:31.0"	"Australia"	"11"
"en_AUS_hersun_int"	"Herald Sun"	"2014-04-17 04:47:26.0"	"Australia"	"2"
"en_AUS_hersun_int"	"Herald Sun"	"2014-04-18 04:47:42.0"	"Australia"	"3"
"en_AUS_hersun_int"	"Herald Sun"	"2014-04-19 23:12:56.0"	"Australia"	"1"
"en_AUS_hersun_int"	"Herald Sun"	"2014-04-20 02:12:57.0"	"Australia"	"6"
"en_AUS_hersun_int"	"Herald Sun"	"2014-04-21 00:52:42.0"	"Australia"	"3"
"en_AUS_hersun_int"	"Herald Sun"	"2014-04-22 04:13:30.0"	"Australia"	"3"
"en_AUS_hersun_int"	"Herald Sun"	"2014-04-23 00:18:04.0"	"Australia"	"6"
"en_AUS_hersun_int"	"Herald Sun"	"2014-04-24 04:18:24.0"	"Australia"	"5"
"en_AUS_hersun_int"	"Herald Sun"	"2014-04-25 02:18:31.0"	"Australia"	"3"
"en_AUS_hersun_int"	"Herald Sun"	"2014-04-27 03:21:15.0"	"Australia"	"3"
"en_AUS_hersun_int"	"Herald Sun"	"2014-04-28 00:21:34.0"	"Australia"	"3"
"en_AUS_hersun_int"	"Herald Sun"	"2014-04-29 00:18:39.0"	"Australia"	"6"
"en_AUS_hersun_int"	"Herald Sun"	"2014-04-30 00:18:41.0"	"Australia"	"14"
"en_AUS_hersun_int"	"Herald Sun"	"2014-05-01 10:23:48.0"	"Australia"	"1"
"en_AUS_hersun_int"	"Herald Sun"	"2014-05-02 00:24:03.0"	"Australia"	"2"
"en_AUS_hersun_int"	"Herald Sun"	"2014-05-03 02:24:41.0"	"Australia"	"1"
"en_AUS_hersun_int"	"Herald Sun"	"2014-05-04 06:34:04.0"	"Australia"	"2"
"en_AUS_hersun_int"	"Herald Sun"	"2014-05-05 00:34:14.0"	"Australia"	"5"
"en_AUS_hersun_int"	"Herald Sun"	"2014-05-06 05:14:20.0"	"Australia"	"4"
"en_AUS_hersun_int"	"Herald Sun"	"2014-05-07 00:14:27.0"	"Australia"	"4"
"en_AUS_hersun_int"	"Herald Sun"	"2014-05-08 02:14:44.0"	"Australia"	"4"
"en_AUS_hersun_int"	"Herald Sun"	"2014-05-10 06:15:18.0"	"Australia"	"2"
"en_AUS_hersun_int"	"Herald Sun"	"2014-05-11 01:22:43.0"	"Australia"	"2"
"en_AUS_hersun_int"	"Herald Sun"	"2014-05-12 11:15:49.0"	"Australia"	"1"
"en_AUS_hersun_int"	"Herald Sun"	"2014-05-13 02:15:58.0"	"Australia"	"6"
"en_AUS_hersun_int"	"Herald Sun"	"2014-05-15 04:09:06.0"	"Australia"	"4"
"en_AUS_hersun_int"	"Herald Sun"	"2014-05-16 01:09:15.0"	"Australia"	"4"
"en_AUS_hersun_int"	"Herald Sun"	"2014-05-17 06:09:30.0"	"Australia"	"1"
"en_AUS_hersun_int"	"Herald Sun"	"2014-05-18 00:11:35.0"	"Australia"	"3"
"en_AUS_hersun_int"	"Herald Sun"	"2014-05-19 04:09:59.0"	"Australia"	"2"
"en_AUS_hersun_int"	"Herald Sun"	"2014-05-20 00:54:33.0"	"Australia"	"8"
"en_AUS_hersun_int"	"Herald Sun"	"2014-05-21 01:54:50.0"	"Australia"	"7"
"en_AUS_hersun_int"	"Herald Sun"	"2014-05-22 01:55:16.0"	"Australia"	"6"
"en_AUS_hersun_int"	"Herald Sun"	"2014-05-23 03:13:29.0"	"Australia"	"5"
"en_AUS_hersun_int"	"Herald Sun"	"2014-05-24 02:14:07.0"	"Australia"	"5"
"en_AUS_hersun_int"	"Herald Sun"	"2014-05-25 00:56:14.0"	"Australia"	"5"
"en_AUS_hersun_int"	"Herald Sun"	"2014-05-26 03:56:36.0"	"Australia"	"5"
"en_AUS_hersun_int"	"Herald Sun"	"2014-05-27 03:15:27.0"	"Australia"	"1"
"en_AUS_hersun_int"	"Herald Sun"	"2014-05-28 00:16:07.0"	"Australia"	"5"
"en_AUS_hersun_int"	"Herald Sun"	"2014-05-29 01:57:35.0"	"Australia"	"4"
"en_AUS_hersun_int"	"Herald Sun"	"2014-05-30 01:17:28.0"	"Australia"	"6"
"en_AUS_hersun_int"	"Herald Sun"	"2014-05-31 01:58:16.0"	"Australia"	"4"
"en_AUS_hersun_int"	"Herald Sun"	"2014-06-01 04:58:41.0"	"Australia"	"2"
"en_AUS_hersun_int"	"Herald Sun"	"2014-06-02 08:17:10.0"	"Australia"	"5"
"en_AUS_hersun_int"	"Herald Sun"	"2014-06-03 00:17:20.0"	"Australia"	"10"
"en_AUS_hersun_int"	"Herald Sun"	"2014-06-04 01:17:37.0"	"Australia"	"7"
"en_AUS_hersun_int"	"Herald Sun"	"2014-06-05 00:21:14.0"	"Australia"	"4"
"en_AUS_hersun_int"	"Herald Sun"	"2014-06-06 03:18:21.0"	"Australia"	"1"
"en_AUS_hersun_int"	"Herald Sun"	"2014-06-07 00:17:41.0"	"Australia"	"2"
"en_AUS_hersun_int"	"Herald Sun"	"2014-06-08 02:17:55.0"	"Australia"	"4"
"en_AUS_hersun_int"	"Herald Sun"	"2014-06-09 02:18:10.0"	"Australia"	"4"
"en_AUS_hersun_int"	"Herald Sun"	"2014-06-11 08:18:50.0"	"Australia"	"1"
"en_AUS_hersun_int"	"Herald Sun"	"2014-06-12 00:19:00.0"	"Australia"	"4"
"en_AUS_hersun_int"	"Herald Sun"	"2014-06-13 03:24:08.0"	"Australia"	"4"
"en_AUS_hersun_int"	"Herald Sun"	"2014-06-14 03:24:50.0"	"Australia"	"2"
"en_AUS_hersun_int"	"Herald Sun"	"2014-06-15 04:22:30.0"	"Australia"	"2"
"en_AUS_hersun_int"	"Herald Sun"	"2014-06-16 01:22:47.0"	"Australia"	"5"
"en_AUS_hersun_int"	"Herald Sun"	"2014-06-17 03:26:59.0"	"Australia"	"5"
"en_AUS_hersun_int"	"Herald Sun"	"2014-06-22 00:28:53.0"	"Australia"	"7"
"en_AUS_hersun_int"	"Herald Sun"	"2014-06-23 01:33:10.0"	"Australia"	"2"
"en_AUS_hersun_int"	"Herald Sun"	"2014-06-24 02:55:47.0"	"Australia"	"4"
"en_AUS_hersun_int"	"Herald Sun"	"2014-06-25 02:56:07.0"	"Australia"	"3"
"en_AUS_hersun_int"	"Herald Sun"	"2014-06-26 02:56:25.0"	"Australia"	"2"
"en_AUS_hersun_int"	"Herald Sun"	"2014-06-27 01:56:42.0"	"Australia"	"2"
"en_AUS_hersun_int"	"Herald Sun"	"2014-06-28 23:57:17.0"	"Australia"	"1"
"en_AUS_hersun_int"	"Herald Sun"	"2014-06-29 01:57:18.0"	"Australia"	"3"
"en_AUS_hersun_int"	"Herald Sun"	"2014-06-30 04:00:53.0"	"Australia"	"3"
"en_AUS_hersun_int"	"Herald Sun"	"2014-07-01 01:58:01.0"	"Australia"	"8"
"en_AUS_hersun_int"	"Herald Sun"	"2014-07-02 02:02:46.0"	"Australia"	"5"
"en_AUS_hersun_int"	"Herald Sun"	"2014-07-03 02:58:47.0"	"Australia"	"1"
"en_AUS_hersun_int"	"Herald Sun"	"2014-07-04 05:04:09.0"	"Australia"	"4"
"en_AUS_hersun_int"	"Herald Sun"	"2014-07-05 00:59:27.0"	"Australia"	"2"
"en_AUS_hersun_int"	"Herald Sun"	"2014-07-06 04:59:52.0"	"Australia"	"6"
"en_AUS_hersun_int"	"Herald Sun"	"2014-07-07 04:06:16.0"	"Australia"	"6"
"en_AUS_hersun_int"	"Herald Sun"	"2014-07-08 03:07:01.0"	"Australia"	"3"
"en_AUS_hersun_int"	"Herald Sun"	"2014-07-09 01:00:58.0"	"Australia"	"4"
"en_AUS_hersun_int"	"Herald Sun"	"2014-07-15 05:18:15.0"	"Australia"	"1"
"en_AUS_hersun_int"	"Herald Sun"	"2014-07-16 03:18:29.0"	"Australia"	"3"
"en_AUS_hersun_int"	"Herald Sun"	"2014-07-17 04:18:44.0"	"Australia"	"7"
"en_AUS_hersun_int"	"Herald Sun"	"2014-07-18 01:18:57.0"	"Australia"	"11"
"en_AUS_hersun_int"	"Herald Sun"	"2014-07-19 00:19:11.0"	"Australia"	"6"
"en_AUS_hersun_int"	"Herald Sun"	"2014-07-20 22:19:34.0"	"Australia"	"1"
"en_AUS_hersun_int"	"Herald Sun"	"2014-07-21 02:24:36.0"	"Australia"	"6"
"en_AUS_hersun_int"	"Herald Sun"	"2014-07-22 01:21:46.0"	"Australia"	"3"
"en_AUS_hersun_int"	"Herald Sun"	"2014-07-24 01:06:31.0"	"Australia"	"5"
"en_AUS_hersun_int"	"Herald Sun"	"2014-07-25 05:06:49.0"	"Australia"	"5"
"en_AUS_hersun_int"	"Herald Sun"	"2014-07-27 08:07:17.0"	"Australia"	"2"
"en_AUS_hersun_int"	"Herald Sun"	"2014-07-28 00:07:31.0"	"Australia"	"2"
"en_AUS_hersun_int"	"Herald Sun"	"2014-07-29 08:30:50.0"	"Australia"	"2"
"en_AUS_hersun_int"	"Herald Sun"	"2014-07-30 03:33:40.0"	"Australia"	"2"
"en_AUS_hersun_int"	"Herald Sun"	"2014-07-31 03:31:19.0"	"Australia"	"4"
"en_AUS_hersun_int"	"Herald Sun"	"2014-08-01 02:31:34.0"	"Australia"	"3"
"en_AUS_hersun_int"	"Herald Sun"	"2014-08-03 05:32:05.0"	"Australia"	"3"
"en_AUS_hersun_int"	"Herald Sun"	"2014-08-04 01:32:17.0"	"Australia"	"3"
"en_AUS_hersun_int"	"Herald Sun"	"2014-08-05 10:40:20.0"	"Australia"	"2"
"en_AUS_hersun_int"	"Herald Sun"	"2014-08-06 08:32:54.0"	"Australia"	"1"
"en_AUS_hersun_int"	"Herald Sun"	"2014-08-07 01:33:08.0"	"Australia"	"4"
"en_AUS_hersun_int"	"Herald Sun"	"2014-08-08 06:08:37.0"	"Australia"	"5"
"en_AUS_hersun_int"	"Herald Sun"	"2014-08-09 02:08:54.0"	"Australia"	"7"
"en_AUS_hersun_int"	"Herald Sun"	"2014-08-10 08:09:18.0"	"Australia"	"4"
"en_AUS_hersun_int"	"Herald Sun"	"2014-08-11 04:12:59.0"	"Australia"	"8"
"en_AUS_hersun_int"	"Herald Sun"	"2014-08-12 00:09:50.0"	"Australia"	"2"
"en_AUS_hersun_int"	"Herald Sun"	"2014-08-14 04:10:36.0"	"Australia"	"5"
"en_AUS_hersun_int"	"Herald Sun"	"2014-08-15 07:10:59.0"	"Australia"	"2"
"en_AUS_hersun_int"	"Herald Sun"	"2014-08-16 01:11:10.0"	"Australia"	"2"
"en_AUS_hersun_int"	"Herald Sun"	"2014-08-17 05:11:38.0"	"Australia"	"1"
"en_AUS_hersun_int"	"Herald Sun"	"2014-08-18 03:17:48.0"	"Australia"	"7"
"en_AUS_hersun_int"	"Herald Sun"	"2014-08-19 01:12:17.0"	"Australia"	"6"
"en_AUS_hersun_int"	"Herald Sun"	"2014-08-20 02:24:52.0"	"Australia"	"2"
"en_AUS_hersun_int"	"Herald Sun"	"2014-08-21 02:28:20.0"	"Australia"	"5"
"en_AUS_hersun_int"	"Herald Sun"	"2014-08-22 04:25:36.0"	"Australia"	"4"
"en_AUS_hersun_int"	"Herald Sun"	"2014-08-23 04:26:13.0"	"Australia"	"2"
"en_AUS_hersun_int"	"Herald Sun"	"2014-08-25 05:31:26.0"	"Australia"	"1"
"en_AUS_hersun_int"	"Herald Sun"	"2014-08-26 08:32:15.0"	"Australia"	"3"
"en_AUS_hersun_int"	"Herald Sun"	"2014-08-27 01:27:47.0"	"Australia"	"5"
"en_AUS_hersun_int"	"Herald Sun"	"2014-08-28 03:33:59.0"	"Australia"	"1"
"en_AUS_hersun_int"	"Herald Sun"	"2014-08-29 01:34:56.0"	"Australia"	"3"
"en_AUS_hersun_int"	"Herald Sun"	"2014-08-30 09:28:41.0"	"Australia"	"2"
"en_AUS_hersun_int"	"Herald Sun"	"2014-09-01 00:59:40.0"	"Australia"	"6"
"en_AUS_hersun_int"	"Herald Sun"	"2014-09-02 03:01:38.0"	"Australia"	"3"
"en_AUS_hersun_int"	"Herald Sun"	"2014-09-03 01:02:38.0"	"Australia"	"9"
"en_AUS_hersun_int"	"Herald Sun"	"2014-09-04 00:03:20.0"	"Australia"	"15"
"en_AUS_hersun_int"	"Herald Sun"	"2014-09-05 07:04:07.0"	"Australia"	"7"
"en_AUS_hersun_int"	"Herald Sun"	"2014-09-11 04:34:05.0"	"Australia"	"7"
"en_AUS_hersun_int"	"Herald Sun"	"2014-09-12 04:34:21.0"	"Australia"	"2"
"en_AUS_hersun_int"	"Herald Sun"	"2014-09-13 05:34:39.0"	"Australia"	"1"
"en_AUS_hersun_int"	"Herald Sun"	"2014-09-15 03:35:09.0"	"Australia"	"8"
"en_AUS_hersun_int"	"Herald Sun"	"2014-09-16 02:56:30.0"	"Australia"	"5"
"en_AUS_hersun_int"	"Herald Sun"	"2014-09-17 00:57:26.0"	"Australia"	"11"
"en_AUS_hersun_int"	"Herald Sun"	"2014-09-18 03:37:13.0"	"Australia"	"9"
"en_AUS_hersun_int"	"Herald Sun"	"2014-09-19 06:38:03.0"	"Australia"	"1"
"en_AUS_hersun_int"	"Herald Sun"	"2014-09-20 04:00:17.0"	"Australia"	"1"
"en_AUS_hersun_int"	"Herald Sun"	"2014-09-22 03:38:56.0"	"Australia"	"4"
"en_AUS_hersun_int"	"Herald Sun"	"2014-09-23 03:39:37.0"	"Australia"	"6"
"en_AUS_hersun_int"	"Herald Sun"	"2014-09-24 03:03:27.0"	"Australia"	"3"
"en_AUS_hersun_int"	"Herald Sun"	"2014-09-25 04:21:49.0"	"Australia"	"2"
"en_AUS_hersun_int"	"Herald Sun"	"2014-09-26 02:39:20.0"	"Australia"	"1"
"en_AUS_hersun_int"	"Herald Sun"	"2014-09-27 04:15:57.0"	"Australia"	"3"
"en_AUS_hersun_int"	"Herald Sun"	"2014-09-28 11:16:18.0"	"Australia"	"1"
"en_AUS_hersun_int"	"Herald Sun"	"2014-09-29 01:16:26.0"	"Australia"	"8"
"en_AUS_hersun_int"	"Herald Sun"	"2014-09-30 03:16:44.0"	"Australia"	"8"
"en_AUS_hersun_int"	"Herald Sun"	"2014-10-01 04:17:00.0"	"Australia"	"5"
"en_AUS_hersun_int"	"Herald Sun"	"2014-10-02 00:17:13.0"	"Australia"	"3"
"en_AUS_hersun_int"	"Herald Sun"	"2014-10-03 00:17:30.0"	"Australia"	"5"
"en_AUS_hersun_int"	"Herald Sun"	"2014-10-04 05:18:01.0"	"Australia"	"2"
"en_AUS_hersun_int"	"Herald Sun"	"2014-10-06 02:19:00.0"	"Australia"	"3"
"en_AUS_hersun_int"	"Herald Sun"	"2014-10-07 08:19:30.0"	"Australia"	"1"
"en_AUS_hersun_int"	"Herald Sun"	"2014-10-08 02:19:54.0"	"Australia"	"5"
"en_AUS_hersun_int"	"Herald Sun"	"2014-10-09 01:30:18.0"	"Australia"	"5"
"en_AUS_hersun_int"	"Herald Sun"	"2014-10-10 00:20:33.0"	"Australia"	"9"
"en_AUS_hersun_int"	"Herald Sun"	"2014-10-11 22:34:04.0"	"Australia"	"2"
"en_AUS_hersun_int"	"Herald Sun"	"2014-10-12 04:21:30.0"	"Australia"	"3"
"en_AUS_hersun_int"	"Herald Sun"	"2014-10-13 06:21:48.0"	"Australia"	"8"
"en_AUS_hersun_int"	"Herald Sun"	"2014-10-14 05:36:57.0"	"Australia"	"5"
"en_AUS_hersun_int"	"Herald Sun"	"2014-10-15 00:22:31.0"	"Australia"	"3"
"en_AUS_hersun_int"	"Herald Sun"	"2014-10-16 05:19:07.0"	"Australia"	"6"
"en_AUS_hersun_int"	"Herald Sun"	"2014-10-17 03:19:21.0"	"Australia"	"6"
"en_AUS_hersun_int"	"Herald Sun"	"2014-10-18 11:19:47.0"	"Australia"	"2"
"en_AUS_hersun_int"	"Herald Sun"	"2014-10-19 00:20:01.0"	"Australia"	"2"
"en_AUS_hersun_int"	"Herald Sun"	"2014-10-20 01:25:20.0"	"Australia"	"2"
"en_AUS_hersun_int"	"Herald Sun"	"2014-10-21 06:26:36.0"	"Australia"	"9"
"en_AUS_hersun_int"	"Herald Sun"	"2014-10-22 02:21:04.0"	"Australia"	"4"
"en_AUS_hersun_int"	"Herald Sun"	"2014-10-23 01:29:16.0"	"Australia"	"6"
"en_AUS_hersun_int"	"Herald Sun"	"2014-10-24 01:21:50.0"	"Australia"	"7"
"en_AUS_hersun_int"	"Herald Sun"	"2014-10-25 07:22:24.0"	"Australia"	"3"
"en_AUS_hersun_int"	"Herald Sun"	"2014-10-26 07:33:29.0"	"Australia"	"1"
"en_AUS_hersun_int"	"Herald Sun"	"2014-10-27 02:23:13.0"	"Australia"	"5"
"en_AUS_hersun_int"	"Herald Sun"	"2014-10-28 00:23:39.0"	"Australia"	"5"
"en_AUS_hersun_int"	"Herald Sun"	"2014-10-29 01:23:55.0"	"Australia"	"4"
"en_AUS_hersun_int"	"Herald Sun"	"2014-10-31 02:05:30.0"	"Australia"	"9"
"en_AUS_hersun_int"	"Herald Sun"	"2014-11-01 02:04:23.0"	"Australia"	"5"
"en_AUS_hersun_int"	"Herald Sun"	"2014-11-02 01:04:40.0"	"Australia"	"7"
"en_AUS_hersun_int"	"Herald Sun"	"2014-11-03 04:05:13.0"	"Australia"	"7"
"en_AUS_hersun_int"	"Herald Sun"	"2014-11-04 01:05:40.0"	"Australia"	"4"
"en_AUS_hersun_int"	"Herald Sun"	"2014-11-05 06:06:11.0"	"Australia"	"5"
"en_AUS_hersun_int"	"Herald Sun"	"2014-11-06 00:14:02.0"	"Australia"	"2"
"en_AUS_hersun_int"	"Herald Sun"	"2014-11-07 07:36:37.0"	"Australia"	"1"
"en_AUS_hersun_int"	"Herald Sun"	"2014-11-08 07:36:53.0"	"Australia"	"1"
"en_AUS_hersun_int"	"Herald Sun"	"2014-11-09 00:37:04.0"	"Australia"	"5"
"en_AUS_hersun_int"	"Herald Sun"	"2014-11-10 00:37:24.0"	"Australia"	"6"
"en_AUS_hersun_int"	"Herald Sun"	"2014-11-11 00:37:48.0"	"Australia"	"4"
"en_AUS_hersun_int"	"Herald Sun"	"2014-11-12 04:38:12.0"	"Australia"	"13"
"en_AUS_hersun_int"	"Herald Sun"	"2014-11-13 02:38:28.0"	"Australia"	"4"
"en_AUS_hersun_int"	"Herald Sun"	"2014-11-14 01:49:09.0"	"Australia"	"11"
"en_AUS_hersun_int"	"Herald Sun"	"2014-11-15 03:42:31.0"	"Australia"	"6"
"en_AUS_hersun_int"	"Herald Sun"	"2014-11-16 01:42:50.0"	"Australia"	"9"
"en_AUS_hersun_int"	"Herald Sun"	"2014-11-17 04:43:10.0"	"Australia"	"4"
"en_AUS_hersun_int"	"Herald Sun"	"2014-11-18 01:43:26.0"	"Australia"	"7"
"en_AUS_hersun_int"	"Herald Sun"	"2014-11-19 03:07:29.0"	"Australia"	"10"
"en_AUS_hersun_int"	"Herald Sun"	"2014-11-20 02:09:02.0"	"Australia"	"3"
"en_AUS_hersun_int"	"Herald Sun"	"2014-11-21 01:10:16.0"	"Australia"	"10"
"en_AUS_hersun_int"	"Herald Sun"	"2014-11-22 01:45:41.0"	"Australia"	"8"
"en_AUS_hersun_int"	"Herald Sun"	"2014-11-23 06:12:55.0"	"Australia"	"2"
"en_AUS_hersun_int"	"Herald Sun"	"2014-11-24 00:47:12.0"	"Australia"	"2"
"en_AUS_hersun_int"	"Herald Sun"	"2014-11-25 00:47:55.0"	"Australia"	"4"
"en_AUS_hersun_int"	"Herald Sun"	"2014-11-26 07:15:24.0"	"Australia"	"2"
"en_AUS_hersun_int"	"Herald Sun"	"2014-11-27 03:15:51.0"	"Australia"	"4"
"en_AUS_hersun_int"	"Herald Sun"	"2014-11-29 22:50:19.0"	"Australia"	"1"
"en_AUS_hersun_int"	"Herald Sun"	"2014-11-30 10:18:01.0"	"Australia"	"1"
"en_AUS_hersun_int"	"Herald Sun"	"2014-12-01 01:50:54.0"	"Australia"	"8"
"en_AUS_hersun_int"	"Herald Sun"	"2014-12-02 02:46:11.0"	"Australia"	"2"
"en_AUS_hersun_int"	"Herald Sun"	"2014-12-03 08:45:07.0"	"Australia"	"5"
"en_AUS_hersun_int"	"Herald Sun"	"2014-12-04 02:50:40.0"	"Australia"	"1"
"en_AUS_hersun_int"	"Herald Sun"	"2014-12-05 07:51:20.0"	"Australia"	"2"
"en_AUS_hersun_int"	"Herald Sun"	"2014-12-06 21:04:57.0"	"Australia"	"2"
"en_AUS_hersun_int"	"Herald Sun"	"2014-12-07 03:52:01.0"	"Australia"	"8"
"en_AUS_hersun_int"	"Herald Sun"	"2014-12-08 01:52:28.0"	"Australia"	"1"
"en_AUS_hersun_int"	"Herald Sun"	"2014-12-09 06:54:54.0"	"Australia"	"9"
"en_AUS_hersun_int"	"Herald Sun"	"2014-12-10 01:55:44.0"	"Australia"	"3"
"en_AUS_hersun_int"	"Herald Sun"	"2014-12-11 00:40:15.0"	"Australia"	"9"
"en_AUS_hersun_int"	"Herald Sun"	"2014-12-12 01:40:34.0"	"Australia"	"4"
"en_AUS_hersun_int"	"Herald Sun"	"2014-12-13 02:40:54.0"	"Australia"	"6"
"en_AUS_hersun_int"	"Herald Sun"	"2014-12-14 00:41:29.0"	"Australia"	"8"
"en_AUS_hersun_int"	"Herald Sun"	"2014-12-15 00:42:10.0"	"Australia"	"18"
"en_AUS_hersun_int"	"Herald Sun"	"2014-12-16 00:51:25.0"	"Australia"	"13"
"en_AUS_hersun_int"	"Herald Sun"	"2014-12-17 00:44:28.0"	"Australia"	"5"
"en_AUS_hersun_int"	"Herald Sun"	"2014-12-18 04:45:14.0"	"Australia"	"5"
"en_AUS_hersun_int"	"Herald Sun"	"2014-12-19 02:58:12.0"	"Australia"	"5"
"en_AUS_hersun_int"	"Herald Sun"	"2014-12-20 06:58:41.0"	"Australia"	"2"
"en_AUS_hersun_int"	"Herald Sun"	"2014-12-21 19:59:15.0"	"Australia"	"2"
"en_AUS_hersun_int"	"Herald Sun"	"2014-12-22 00:59:20.0"	"Australia"	"4"
"en_AUS_hersun_int"	"Herald Sun"	"2014-12-23 02:59:31.0"	"Australia"	"2"
"en_AUS_hersun_int"	"Herald Sun"	"2014-12-24 00:59:40.0"	"Australia"	"5"
"en_AUS_hersun_int"	"Herald Sun"	"2014-12-25 20:59:45.0"	"Australia"	"1"
"en_AUS_hersun_int"	"Herald Sun"	"2014-12-26 05:00:09.0"	"Australia"	"2"
"en_AUS_hersun_int"	"Herald Sun"	"2014-12-28 00:00:41.0"	"Australia"	"2"
"en_AUS_hersun_int"	"Herald Sun"	"2014-12-29 07:11:27.0"	"Australia"	"1"
"en_AUS_hersun_int"	"Herald Sun"	"2014-12-30 09:01:31.0"	"Australia"	"1"
"en_AUS_hersun_int"	"Herald Sun"	"2014-12-31 02:12:33.0"	"Australia"	"1"
"en_AUS_hersun_int"	"Herald Sun"	"2015-01-01 06:18:37.0"	"Australia"	"1"
"en_AUS_hersun_int"	"Herald Sun"	"2015-01-02 03:21:52.0"	"Australia"	"1"
"en_AUS_hersun_int"	"Herald Sun"	"2015-01-03 09:22:14.0"	"Australia"	"1"
"en_AUS_hersun_int"	"Herald Sun"	"2015-01-04 00:22:26.0"	"Australia"	"2"
"en_AUS_hersun_int"	"Herald Sun"	"2015-01-05 07:18:32.0"	"Australia"	"1"
"en_AUS_hersun_int"	"Herald Sun"	"2015-01-06 00:16:07.0"	"Australia"	"4"
"en_AUS_hersun_int"	"Herald Sun"	"2015-01-08 04:16:53.0"	"Australia"	"3"
"en_AUS_hersun_int"	"Herald Sun"	"2015-01-09 05:17:10.0"	"Australia"	"1"
"en_AUS_hersun_int"	"Herald Sun"	"2015-01-10 21:17:29.0"	"Australia"	"3"
"en_AUS_hersun_int"	"Herald Sun"	"2015-01-12 05:54:26.0"	"Australia"	"1"
"en_AUS_hersun_int"	"Herald Sun"	"2015-01-15 00:57:26.0"	"Australia"	"1"
"en_AUS_hersun_int"	"Herald Sun"	"2015-01-16 01:57:35.0"	"Australia"	"2"
"en_AUS_hersun_int"	"Herald Sun"	"2015-01-18 06:58:07.0"	"Australia"	"1"
"en_AUS_hersun_int"	"Herald Sun"	"2015-01-20 01:58:32.0"	"Australia"	"6"
"en_AUS_hersun_int"	"Herald Sun"	"2015-01-21 01:58:51.0"	"Australia"	"1"
"en_AUS_hersun_int"	"Herald Sun"	"2015-01-26 23:02:58.0"	"Australia"	"2"
"en_AUS_hersun_int"	"Herald Sun"	"2015-01-27 00:02:59.0"	"Australia"	"5"
"en_AUS_hersun_int"	"Herald Sun"	"2015-01-29 00:08:54.0"	"Australia"	"2"
"en_AUS_hersun_int"	"Herald Sun"	"2015-01-30 01:09:09.0"	"Australia"	"3"
"en_AUS_hersun_int"	"Herald Sun"	"2015-01-31 00:09:45.0"	"Australia"	"4"
"en_AUS_hersun_int"	"Herald Sun"	"2015-02-01 02:10:16.0"	"Australia"	"5"
"en_AUS_hersun_int"	"Herald Sun"	"2015-02-02 00:10:43.0"	"Australia"	"11"
"en_AUS_hersun_int"	"Herald Sun"	"2015-02-03 02:12:54.0"	"Australia"	"6"
"en_AUS_hersun_int"	"Herald Sun"	"2015-02-04 04:21:25.0"	"Australia"	"4"
"en_AUS_hersun_int"	"Herald Sun"	"2015-02-06 01:14:09.0"	"Australia"	"7"
"en_AUS_hersun_int"	"Herald Sun"	"2015-02-07 20:27:34.0"	"Australia"	"3"
"en_AUS_hersun_int"	"Herald Sun"	"2015-02-08 03:47:54.0"	"Australia"	"4"
"en_AUS_hersun_int"	"Herald Sun"	"2015-02-09 00:48:10.0"	"Australia"	"7"
"en_AUS_hersun_int"	"Herald Sun"	"2015-02-10 03:52:54.0"	"Australia"	"4"
"en_AUS_hersun_int"	"Herald Sun"	"2015-02-11 01:09:39.0"	"Australia"	"9"
"en_AUS_hersun_int"	"Herald Sun"	"2015-02-12 07:13:49.0"	"Australia"	"2"
"en_AUS_hersun_int"	"Herald Sun"	"2015-02-13 00:14:49.0"	"Australia"	"5"
"en_AUS_hersun_int"	"Herald Sun"	"2015-02-14 03:11:16.0"	"Australia"	"1"
"en_AUS_hersun_int"	"Herald Sun"	"2015-02-15 03:18:15.0"	"Australia"	"2"
"en_AUS_hersun_int"	"Herald Sun"	"2015-02-16 01:19:34.0"	"Australia"	"2"
"en_AUS_hersun_int"	"Herald Sun"	"2015-02-17 00:12:30.0"	"Australia"	"10"
"en_AUS_hersun_int"	"Herald Sun"	"2015-02-18 04:12:54.0"	"Australia"	"5"
"en_AUS_hersun_int"	"Herald Sun"	"2015-02-19 00:26:14.0"	"Australia"	"5"
"en_AUS_hersun_int"	"Herald Sun"	"2015-02-20 01:17:07.0"	"Australia"	"5"
"en_AUS_hersun_int"	"Herald Sun"	"2015-02-21 05:17:44.0"	"Australia"	"2"
"en_AUS_hersun_int"	"Herald Sun"	"2015-02-22 07:18:14.0"	"Australia"	"6"
"en_AUS_hersun_int"	"Herald Sun"	"2015-02-23 01:18:33.0"	"Australia"	"9"
"en_AUS_hersun_int"	"Herald Sun"	"2015-02-24 02:03:37.0"	"Australia"	"5"
"en_AUS_hersun_int"	"Herald Sun"	"2015-02-25 06:10:40.0"	"Australia"	"4"
"en_AUS_hersun_int"	"Herald Sun"	"2015-02-26 00:31:27.0"	"Australia"	"12"
"en_AUS_hersun_int"	"Herald Sun"	"2015-02-27 02:40:00.0"	"Australia"	"5"
"en_AUS_hersun_int"	"Herald Sun"	"2015-02-28 06:32:45.0"	"Australia"	"3"
"en_AUS_hersun_int"	"Herald Sun"	"2015-03-01 00:55:09.0"	"Australia"	"8"
"en_AUS_hersun_int"	"Herald Sun"	"2015-03-02 01:55:30.0"	"Australia"	"9"
"en_AUS_hersun_int"	"Herald Sun"	"2015-03-03 02:14:10.0"	"Australia"	"3"
"en_AUS_hersun_int"	"Herald Sun"	"2015-03-04 01:39:17.0"	"Australia"	"4"
"en_AUS_hersun_int"	"Herald Sun"	"2015-03-05 00:39:36.0"	"Australia"	"4"
"en_AUS_hersun_int"	"Herald Sun"	"2015-03-06 00:39:55.0"	"Australia"	"6"
"en_AUS_hersun_int"	"Herald Sun"	"2015-03-09 05:40:58.0"	"Australia"	"1"
"en_AUS_hersun_int"	"Herald Sun"	"2015-03-10 01:41:14.0"	"Australia"	"7"
"en_AUS_hersun_int"	"Herald Sun"	"2015-03-11 01:42:04.0"	"Australia"	"3"
"en_AUS_hersun_int"	"Herald Sun"	"2015-03-12 02:42:54.0"	"Australia"	"1"
"en_AUS_hersun_int"	"Herald Sun"	"2015-03-13 01:32:00.0"	"Australia"	"3"
"en_AUS_hersun_int"	"Herald Sun"	"2015-03-14 20:32:36.0"	"Australia"	"4"
"en_AUS_hersun_int"	"Herald Sun"	"2015-03-15 07:32:45.0"	"Australia"	"4"
"en_AUS_hersun_int"	"Herald Sun"	"2015-03-16 01:32:57.0"	"Australia"	"4"
"en_AUS_hersun_int"	"Herald Sun"	"2015-03-17 04:33:22.0"	"Australia"	"2"
"en_AUS_hersun_int"	"Herald Sun"	"2015-03-18 04:33:55.0"	"Australia"	"2"
"en_AUS_hersun_int"	"Herald Sun"	"2015-03-19 03:38:53.0"	"Australia"	"3"
"en_AUS_hersun_int"	"Herald Sun"	"2015-03-20 01:39:54.0"	"Australia"	"7"
"en_AUS_hersun_int"	"Herald Sun"	"2015-03-21 00:40:21.0"	"Australia"	"5"
"en_AUS_hersun_int"	"Herald Sun"	"2015-03-22 00:40:41.0"	"Australia"	"5"
"en_AUS_hersun_int"	"Herald Sun"	"2015-03-23 02:41:02.0"	"Australia"	"6"
"en_AUS_hersun_int"	"Herald Sun"	"2015-03-24 01:19:23.0"	"Australia"	"7"
"en_AUS_hersun_int"	"Herald Sun"	"2015-03-25 01:19:39.0"	"Australia"	"3"
"en_AUS_hersun_int"	"Herald Sun"	"2015-03-26 03:20:32.0"	"Australia"	"3"
"en_AUS_hersun_int"	"Herald Sun"	"2015-03-27 00:20:46.0"	"Australia"	"5"
"en_AUS_hersun_int"	"Herald Sun"	"2015-03-28 03:20:31.0"	"Australia"	"2"
"en_AUS_hersun_int"	"Herald Sun"	"2015-03-29 08:20:53.0"	"Australia"	"2"
"en_AUS_hersun_int"	"Herald Sun"	"2015-03-30 05:21:43.0"	"Australia"	"2"
"en_AUS_hersun_int"	"Herald Sun"	"2015-03-31 01:21:22.0"	"Australia"	"6"
"en_AUS_hersun_int"	"Herald Sun"	"2015-04-01 07:21:45.0"	"Australia"	"3"
"en_AUS_hersun_int"	"Herald Sun"	"2015-04-02 04:22:31.0"	"Australia"	"4"
"en_AUS_hersun_int"	"Herald Sun"	"2015-04-03 00:22:44.0"	"Australia"	"2"
"en_AUS_hersun_int"	"Herald Sun"	"2015-04-04 04:23:06.0"	"Australia"	"1"
"en_AUS_hersun_int"	"Herald Sun"	"2015-04-05 16:23:43.0"	"Australia"	"2"
"en_AUS_hersun_int"	"Herald Sun"	"2015-04-06 02:23:49.0"	"Australia"	"4"
"en_AUS_hersun_int"	"Herald Sun"	"2015-04-07 02:24:08.0"	"Australia"	"3"
"en_AUS_hersun_int"	"Herald Sun"	"2015-04-08 02:24:30.0"	"Australia"	"11"
"en_AUS_hersun_int"	"Herald Sun"	"2015-04-09 00:24:49.0"	"Australia"	"6"
"en_AUS_hersun_int"	"Herald Sun"	"2015-04-10 01:25:10.0"	"Australia"	"4"
"en_AUS_hersun_int"	"Herald Sun"	"2015-04-11 03:25:33.0"	"Australia"	"3"
"en_AUS_hersun_int"	"Herald Sun"	"2015-04-12 01:25:52.0"	"Australia"	"2"
"en_AUS_hersun_int"	"Herald Sun"	"2015-04-13 05:36:57.0"	"Australia"	"3"
"en_AUS_hersun_int"	"Herald Sun"	"2015-04-14 05:36:27.0"	"Australia"	"8"
"en_AUS_hersun_int"	"Herald Sun"	"2015-04-15 01:37:31.0"	"Australia"	"4"
"en_AUS_hersun_int"	"Herald Sun"	"2015-04-16 00:37:05.0"	"Australia"	"4"
"en_AUS_hersun_int"	"Herald Sun"	"2015-04-17 02:37:26.0"	"Australia"	"6"
"en_AUS_hersun_int"	"Herald Sun"	"2015-04-18 04:38:13.0"	"Australia"	"6"
"en_AUS_hersun_int"	"Herald Sun"	"2015-04-19 00:38:02.0"	"Australia"	"8"
"en_AUS_hersun_int"	"Herald Sun"	"2015-04-20 00:38:22.0"	"Australia"	"8"
"en_AUS_hersun_int"	"Herald Sun"	"2015-04-21 00:38:41.0"	"Australia"	"4"
"en_AUS_hersun_int"	"Herald Sun"	"2015-04-22 01:05:39.0"	"Australia"	"4"
"en_AUS_hersun_int"	"Herald Sun"	"2015-04-23 01:06:00.0"	"Australia"	"3"
"en_AUS_hersun_int"	"Herald Sun"	"2015-04-24 05:06:21.0"	"Australia"	"5"
"en_AUS_hersun_int"	"Herald Sun"	"2015-04-25 00:06:35.0"	"Australia"	"12"
"en_AUS_hersun_int"	"Herald Sun"	"2015-04-26 02:06:59.0"	"Australia"	"4"
"en_AUS_hersun_int"	"Herald Sun"	"2015-04-27 00:07:17.0"	"Australia"	"10"
"en_AUS_hersun_int"	"Herald Sun"	"2015-04-28 01:42:25.0"	"Australia"	"5"
"en_AUS_hersun_int"	"Herald Sun"	"2015-04-29 00:42:43.0"	"Australia"	"7"
"en_AUS_hersun_int"	"Herald Sun"	"2015-04-30 02:43:03.0"	"Australia"	"3"
"en_AUS_hersun_int"	"Herald Sun"	"2015-05-01 02:43:54.0"	"Australia"	"10"
"en_AUS_hersun_int"	"Herald Sun"	"2015-05-02 02:43:42.0"	"Australia"	"7"
"en_AUS_hersun_int"	"Herald Sun"	"2015-05-03 04:44:21.0"	"Australia"	"8"
"en_AUS_hersun_int"	"Herald Sun"	"2015-05-04 02:44:21.0"	"Australia"	"8"
"en_AUS_hersun_int"	"Herald Sun"	"2015-05-05 03:44:41.0"	"Australia"	"2"
"en_AUS_hersun_int"	"Herald Sun"	"2015-05-06 02:44:58.0"	"Australia"	"2"
"en_AUS_hersun_int"	"Herald Sun"	"2015-05-07 02:45:19.0"	"Australia"	"6"
"en_AUS_hersun_int"	"Herald Sun"	"2015-05-08 00:45:38.0"	"Australia"	"4"
"en_AUS_hersun_int"	"Herald Sun"	"2015-05-09 00:46:00.0"	"Australia"	"4"
"en_AUS_hersun_int"	"Herald Sun"	"2015-05-10 04:46:21.0"	"Australia"	"3"
"en_AUS_hersun_int"	"Herald Sun"	"2015-05-11 04:46:42.0"	"Australia"	"1"
"en_AUS_hersun_int"	"Herald Sun"	"2015-05-12 00:46:57.0"	"Australia"	"9"
"en_AUS_hersun_int"	"Herald Sun"	"2015-05-13 01:47:18.0"	"Australia"	"6"
"en_AUS_hersun_int"	"Herald Sun"	"2015-05-14 01:47:38.0"	"Australia"	"3"
"en_AUS_hersun_int"	"Herald Sun"	"2015-05-15 00:47:54.0"	"Australia"	"4"
"en_AUS_hersun_int"	"Herald Sun"	"2015-05-16 00:48:21.0"	"Australia"	"1"
"en_AUS_hersun_int"	"Herald Sun"	"2015-05-18 00:48:46.0"	"Australia"	"7"
"en_AUS_hersun_int"	"Herald Sun"	"2015-05-19 03:48:59.0"	"Australia"	"3"
"en_AUS_hersun_int"	"Herald Sun"	"2015-05-20 01:26:47.0"	"Australia"	"4"
"en_AUS_hersun_int"	"Herald Sun"	"2015-05-21 00:28:00.0"	"Australia"	"5"
"en_AUS_hersun_int"	"Herald Sun"	"2015-05-22 01:00:28.0"	"Australia"	"5"
"en_AUS_hersun_int"	"Herald Sun"	"2015-05-24 03:00:23.0"	"Australia"	"7"
"en_AUS_hersun_int"	"Herald Sun"	"2015-05-25 02:17:24.0"	"Australia"	"8"
"en_AUS_hersun_int"	"Herald Sun"	"2015-05-26 00:17:36.0"	"Australia"	"2"
"en_AUS_hersun_int"	"Herald Sun"	"2015-05-27 09:24:04.0"	"Australia"	"3"
"en_AUS_hersun_int"	"Herald Sun"	"2015-05-28 01:24:16.0"	"Australia"	"6"
"en_AUS_hersun_int"	"Herald Sun"	"2015-05-29 06:19:56.0"	"Australia"	"3"
"en_AUS_hersun_int"	"Herald Sun"	"2015-05-30 01:20:09.0"	"Australia"	"3"
"en_AUS_hersun_int"	"Herald Sun"	"2015-05-31 10:00:33.0"	"Australia"	"1"
"en_AUS_hersun_int"	"Herald Sun"	"2015-06-01 07:00:46.0"	"Australia"	"3"
"en_AUS_hersun_int"	"Herald Sun"	"2015-06-02 09:01:05.0"	"Australia"	"1"
"en_AUS_hersun_int"	"Herald Sun"	"2015-06-03 03:01:17.0"	"Australia"	"3"
"en_AUS_hersun_int"	"Herald Sun"	"2015-06-04 03:02:08.0"	"Australia"	"1"
"en_AUS_hersun_int"	"Herald Sun"	"2015-06-05 03:01:51.0"	"Australia"	"4"
"en_AUS_hersun_int"	"Herald Sun"	"2015-06-06 03:57:11.0"	"Australia"	"2"
"en_AUS_hersun_int"	"Herald Sun"	"2015-06-07 02:56:28.0"	"Australia"	"2"
"en_AUS_hersun_int"	"Herald Sun"	"2015-06-08 11:56:50.0"	"Australia"	"2"
"en_AUS_hersun_int"	"Herald Sun"	"2015-06-09 01:56:58.0"	"Australia"	"4"
"en_AUS_hersun_int"	"Herald Sun"	"2015-06-10 03:57:15.0"	"Australia"	"4"
"en_AUS_hersun_int"	"Herald Sun"	"2015-06-11 03:57:23.0"	"Australia"	"5"
"en_AUS_hersun_int"	"Herald Sun"	"2015-06-12 04:32:35.0"	"Australia"	"3"
"en_AUS_hersun_int"	"Herald Sun"	"2015-06-13 05:32:52.0"	"Australia"	"2"
"en_AUS_hersun_int"	"Herald Sun"	"2015-06-14 06:33:57.0"	"Australia"	"2"
"en_AUS_hersun_int"	"Herald Sun"	"2015-06-15 08:33:24.0"	"Australia"	"3"
"en_AUS_hersun_int"	"Herald Sun"	"2015-06-16 00:33:34.0"	"Australia"	"5"
"en_AUS_hersun_int"	"Herald Sun"	"2015-06-17 02:33:51.0"	"Australia"	"1"
"en_AUS_hersun_int"	"Herald Sun"	"2015-06-18 03:34:14.0"	"Australia"	"5"
"en_AUS_hersun_int"	"Herald Sun"	"2015-06-19 02:34:29.0"	"Australia"	"2"
"en_AUS_hersun_int"	"Herald Sun"	"2015-06-20 01:34:43.0"	"Australia"	"4"
"en_AUS_hersun_int"	"Herald Sun"	"2015-06-21 06:35:03.0"	"Australia"	"2"
"en_AUS_hersun_int"	"Herald Sun"	"2015-06-22 00:35:22.0"	"Australia"	"5"
"en_AUS_hersun_int"	"Herald Sun"	"2015-06-23 00:35:28.0"	"Australia"	"3"
"en_AUS_hersun_int"	"Herald Sun"	"2015-06-24 00:35:44.0"	"Australia"	"6"
"en_AUS_hersun_int"	"Herald Sun"	"2015-06-25 02:36:01.0"	"Australia"	"5"
"en_AUS_hersun_int"	"Herald Sun"	"2015-06-26 04:36:20.0"	"Australia"	"4"
"en_AUS_hersun_int"	"Herald Sun"	"2015-06-27 02:36:30.0"	"Australia"	"5"
"en_AUS_hersun_int"	"Herald Sun"	"2015-06-28 01:36:45.0"	"Australia"	"4"
"en_AUS_hersun_int"	"Herald Sun"	"2015-06-29 04:37:01.0"	"Australia"	"2"
"en_AUS_hersun_int"	"Herald Sun"	"2015-06-30 00:37:14.0"	"Australia"	"7"
"en_AUS_hersun_int"	"Herald Sun"	"2014-11-17 04:43:10.0"	"Austria"	"1"
"en_AUS_hersun_int"	"Herald Sun"	"2015-03-04 11:39:26.0"	"Austria"	"2"
"en_AUS_hersun_int"	"Herald Sun"	"2014-01-08 00:48:44.0"	"Bangladesh"	"1"
"en_AUS_hersun_int"	"Herald Sun"	"2014-01-28 09:53:31.0"	"Bangladesh"	"1"
"en_AUS_hersun_int"	"Herald Sun"	"2015-05-23 08:00:12.0"	"Bangladesh"	"1"
"en_AUS_hersun_int"	"Herald Sun"	"2014-02-09 23:36:42.0"	"Bahrain"	"1"
"en_AUS_hersun_int"	"Herald Sun"	"2014-02-28 04:15:26.0"	"Bahrain"	"1"
"en_AUS_hersun_int"	"Herald Sun"	"2015-05-02 00:43:41.0"	"Bahamas"	"1"
"en_AUS_hersun_int"	"Herald Sun"	"2014-03-18 06:20:31.0"	"Brazil"	"1"
"en_AUS_hersun_int"	"Herald Sun"	"2014-04-09 02:42:31.0"	"Brazil"	"1"
"en_AUS_hersun_int"	"Herald Sun"	"2014-07-23 11:22:08.0"	"Brazil"	"1"
"en_AUS_hersun_int"	"Herald Sun"	"2014-10-14 10:22:24.0"	"Brazil"	"1"
"en_AUS_hersun_int"	"Herald Sun"	"2014-10-15 08:22:37.0"	"Brazil"	"2"
"en_AUS_hersun_int"	"Herald Sun"	"2014-11-12 00:38:23.0"	"Brazil"	"1"
"en_AUS_hersun_int"	"Herald Sun"	"2014-11-13 06:38:31.0"	"Brazil"	"1"
"en_AUS_hersun_int"	"Herald Sun"	"2015-05-17 08:48:35.0"	"Brazil"	"1"
"en_AUS_hersun_int"	"Herald Sun"	"2014-08-11 06:09:33.0"	"Canada"	"1"
"en_AUS_hersun_int"	"Herald Sun"	"2014-10-22 06:21:07.0"	"Canada"	"1"
"en_AUS_hersun_int"	"Herald Sun"	"2014-10-23 01:29:16.0"	"Canada"	"4"
"en_AUS_hersun_int"	"Herald Sun"	"2014-12-16 01:51:31.0"	"Canada"	"1"
"en_AUS_hersun_int"	"Herald Sun"	"2015-03-31 07:21:27.0"	"Canada"	"1"
"en_AUS_hersun_int"	"Herald Sun"	"2015-04-01 00:22:15.0"	"Canada"	"1"
"en_AUS_hersun_int"	"Herald Sun"	"2015-04-14 07:37:17.0"	"Canada"	"1"
"en_AUS_hersun_int"	"Herald Sun"	"2015-05-07 06:45:23.0"	"Canada"	"1"
"en_AUS_hersun_int"	"Herald Sun"	"2014-06-14 17:25:15.0"	"Cocos (Keeling) Islands"	"1"
"en_AUS_hersun_int"	"Herald Sun"	"2014-07-27 09:07:18.0"	"Cocos (Keeling) Islands"	"1"
"en_AUS_hersun_int"	"Herald Sun"	"2014-12-24 07:59:41.0"	"Cocos (Keeling) Islands"	"1"
"en_AUS_hersun_int"	"Herald Sun"	"2014-12-25 20:59:45.0"	"Cocos (Keeling) Islands"	"1"
"en_AUS_hersun_int"	"Herald Sun"	"2014-09-04 09:03:35.0"	"Switzerland"	"1"
"en_AUS_hersun_int"	"Herald Sun"	"2015-02-10 01:48:29.0"	"Switzerland"	"1"
"en_AUS_hersun_int"	"Herald Sun"	"2014-02-10 04:36:43.0"	"Chile"	"1"
"en_AUS_hersun_int"	"Herald Sun"	"2014-01-04 01:42:07.0"	"China"	"1"
"en_AUS_hersun_int"	"Herald Sun"	"2014-01-27 04:53:35.0"	"China"	"1"
"en_AUS_hersun_int"	"Herald Sun"	"2014-02-01 08:55:19.0"	"China"	"1"
"en_AUS_hersun_int"	"Herald Sun"	"2014-02-02 00:56:54.0"	"China"	"1"
"en_AUS_hersun_int"	"Herald Sun"	"2014-02-13 10:43:31.0"	"China"	"1"
"en_AUS_hersun_int"	"Herald Sun"	"2014-02-20 11:53:12.0"	"China"	"1"
"en_AUS_hersun_int"	"Herald Sun"	"2014-02-22 23:53:17.0"	"China"	"1"
"en_AUS_hersun_int"	"Herald Sun"	"2014-02-27 06:09:01.0"	"China"	"1"
"en_AUS_hersun_int"	"Herald Sun"	"2014-03-17 08:20:14.0"	"China"	"1"
"en_AUS_hersun_int"	"Herald Sun"	"2014-03-24 00:17:12.0"	"China"	"2"
"en_AUS_hersun_int"	"Herald Sun"	"2014-03-28 01:18:22.0"	"China"	"1"
"en_AUS_hersun_int"	"Herald Sun"	"2014-03-31 06:19:20.0"	"China"	"1"
"en_AUS_hersun_int"	"Herald Sun"	"2014-04-03 03:46:57.0"	"China"	"1"
"en_AUS_hersun_int"	"Herald Sun"	"2014-04-08 01:17:29.0"	"China"	"1"
"en_AUS_hersun_int"	"Herald Sun"	"2014-04-09 08:42:37.0"	"China"	"1"
"en_AUS_hersun_int"	"Herald Sun"	"2014-04-10 00:42:48.0"	"China"	"3"
"en_AUS_hersun_int"	"Herald Sun"	"2014-04-11 06:43:10.0"	"China"	"2"
"en_AUS_hersun_int"	"Herald Sun"	"2014-04-12 06:45:29.0"	"China"	"1"
"en_AUS_hersun_int"	"Herald Sun"	"2014-04-17 04:47:26.0"	"China"	"1"
"en_AUS_hersun_int"	"Herald Sun"	"2014-04-28 09:18:38.0"	"China"	"1"
"en_AUS_hersun_int"	"Herald Sun"	"2014-05-22 05:55:19.0"	"China"	"1"
"en_AUS_hersun_int"	"Herald Sun"	"2014-05-23 00:55:38.0"	"China"	"1"
"en_AUS_hersun_int"	"Herald Sun"	"2014-06-03 05:19:38.0"	"China"	"1"
"en_AUS_hersun_int"	"Herald Sun"	"2014-06-05 11:18:01.0"	"China"	"1"
"en_AUS_hersun_int"	"Herald Sun"	"2014-06-06 10:17:34.0"	"China"	"1"
"en_AUS_hersun_int"	"Herald Sun"	"2014-06-17 03:23:20.0"	"China"	"2"
"en_AUS_hersun_int"	"Herald Sun"	"2014-06-24 00:55:58.0"	"China"	"1"
"en_AUS_hersun_int"	"Herald Sun"	"2014-06-27 05:56:45.0"	"China"	"1"
"en_AUS_hersun_int"	"Herald Sun"	"2014-07-16 06:18:30.0"	"China"	"1"
"en_AUS_hersun_int"	"Herald Sun"	"2014-07-17 11:18:49.0"	"China"	"1"
"en_AUS_hersun_int"	"Herald Sun"	"2014-08-07 07:41:49.0"	"China"	"1"
"en_AUS_hersun_int"	"Herald Sun"	"2014-08-18 16:18:36.0"	"China"	"1"
"en_AUS_hersun_int"	"Herald Sun"	"2014-08-19 02:24:30.0"	"China"	"3"
"en_AUS_hersun_int"	"Herald Sun"	"2014-08-20 03:24:54.0"	"China"	"3"
"en_AUS_hersun_int"	"Herald Sun"	"2014-08-22 08:29:46.0"	"China"	"1"
"en_AUS_hersun_int"	"Herald Sun"	"2014-09-04 08:03:34.0"	"China"	"1"
"en_AUS_hersun_int"	"Herald Sun"	"2014-09-11 04:34:05.0"	"China"	"2"
"en_AUS_hersun_int"	"Herald Sun"	"2014-10-10 08:20:41.0"	"China"	"1"
"en_AUS_hersun_int"	"Herald Sun"	"2014-10-14 07:22:19.0"	"China"	"1"
"en_AUS_hersun_int"	"Herald Sun"	"2014-10-19 04:20:08.0"	"China"	"1"
"en_AUS_hersun_int"	"Herald Sun"	"2014-10-21 07:26:44.0"	"China"	"1"
"en_AUS_hersun_int"	"Herald Sun"	"2014-10-24 07:21:55.0"	"China"	"1"
"en_AUS_hersun_int"	"Herald Sun"	"2014-10-31 04:04:06.0"	"China"	"1"
"en_AUS_hersun_int"	"Herald Sun"	"2014-11-07 07:36:37.0"	"China"	"2"
"en_AUS_hersun_int"	"Herald Sun"	"2014-11-09 22:37:22.0"	"China"	"1"
"en_AUS_hersun_int"	"Herald Sun"	"2014-11-10 10:41:53.0"	"China"	"2"
"en_AUS_hersun_int"	"Herald Sun"	"2014-11-12 08:45:32.0"	"China"	"3"
"en_AUS_hersun_int"	"Herald Sun"	"2014-11-13 11:38:37.0"	"China"	"1"
"en_AUS_hersun_int"	"Herald Sun"	"2014-11-14 03:49:32.0"	"China"	"2"
"en_AUS_hersun_int"	"Herald Sun"	"2014-11-16 17:43:02.0"	"China"	"2"
"en_AUS_hersun_int"	"Herald Sun"	"2014-11-17 03:43:09.0"	"China"	"5"
"en_AUS_hersun_int"	"Herald Sun"	"2014-11-23 05:12:46.0"	"China"	"2"
"en_AUS_hersun_int"	"Herald Sun"	"2014-12-03 23:50:31.0"	"China"	"1"
"en_AUS_hersun_int"	"Herald Sun"	"2015-01-06 01:16:07.0"	"China"	"1"
"en_AUS_hersun_int"	"Herald Sun"	"2015-01-27 00:01:27.0"	"China"	"1"
"en_AUS_hersun_int"	"Herald Sun"	"2015-02-13 04:10:50.0"	"China"	"1"
"en_AUS_hersun_int"	"Herald Sun"	"2015-02-17 00:12:30.0"	"China"	"1"
"en_AUS_hersun_int"	"Herald Sun"	"2015-02-18 01:12:52.0"	"China"	"1"
"en_AUS_hersun_int"	"Herald Sun"	"2015-02-23 03:33:32.0"	"China"	"1"
"en_AUS_hersun_int"	"Herald Sun"	"2015-02-26 08:31:41.0"	"China"	"1"
"en_AUS_hersun_int"	"Herald Sun"	"2015-03-05 02:39:37.0"	"China"	"1"
"en_AUS_hersun_int"	"Herald Sun"	"2015-03-16 04:33:00.0"	"China"	"1"
"en_AUS_hersun_int"	"Herald Sun"	"2015-03-23 10:41:11.0"	"China"	"1"
"en_AUS_hersun_int"	"Herald Sun"	"2015-03-25 01:20:17.0"	"China"	"4"
"en_AUS_hersun_int"	"Herald Sun"	"2015-03-26 02:19:56.0"	"China"	"1"
"en_AUS_hersun_int"	"Herald Sun"	"2015-03-27 00:20:12.0"	"China"	"1"
"en_AUS_hersun_int"	"Herald Sun"	"2015-03-29 01:20:49.0"	"China"	"2"
"en_AUS_hersun_int"	"Herald Sun"	"2015-03-30 00:21:04.0"	"China"	"1"
"en_AUS_hersun_int"	"Herald Sun"	"2015-04-02 01:22:29.0"	"China"	"1"
"en_AUS_hersun_int"	"Herald Sun"	"2015-04-15 02:36:47.0"	"China"	"1"
"en_AUS_hersun_int"	"Herald Sun"	"2015-04-16 02:37:06.0"	"China"	"1"
"en_AUS_hersun_int"	"Herald Sun"	"2015-04-26 04:07:00.0"	"China"	"1"
"en_AUS_hersun_int"	"Herald Sun"	"2015-04-29 07:42:49.0"	"China"	"3"
"en_AUS_hersun_int"	"Herald Sun"	"2015-05-12 03:47:02.0"	"China"	"1"
"en_AUS_hersun_int"	"Herald Sun"	"2015-05-25 03:18:19.0"	"China"	"2"
"en_AUS_hersun_int"	"Herald Sun"	"2015-05-29 22:20:08.0"	"China"	"1"
"en_AUS_hersun_int"	"Herald Sun"	"2015-06-04 05:01:36.0"	"China"	"1"
"en_AUS_hersun_int"	"Herald Sun"	"2015-06-11 09:57:26.0"	"China"	"1"
"en_AUS_hersun_int"	"Herald Sun"	"2015-06-12 08:32:39.0"	"China"	"1"
"en_AUS_hersun_int"	"Herald Sun"	"2015-06-13 02:32:50.0"	"China"	"1"
"en_AUS_hersun_int"	"Herald Sun"	"2015-06-18 00:34:11.0"	"China"	"2"
"en_AUS_hersun_int"	"Herald Sun"	"2015-06-23 08:35:35.0"	"China"	"2"
"en_AUS_hersun_int"	"Herald Sun"	"2015-06-24 05:35:48.0"	"China"	"1"
"en_AUS_hersun_int"	"Herald Sun"	"2014-06-13 04:24:11.0"	"Congo"	"1"
"en_AUS_hersun_int"	"Herald Sun"	"2014-09-05 10:04:13.0"	"Colombia"	"1"
"en_AUS_hersun_int"	"Herald Sun"	"2015-02-24 02:01:59.0"	"Colombia"	"1"
"en_AUS_hersun_int"	"Herald Sun"	"2014-03-21 22:16:44.0"	"Christmas Island"	"1"
"en_AUS_hersun_int"	"Herald Sun"	"2014-06-03 07:17:26.0"	"Christmas Island"	"2"
"en_AUS_hersun_int"	"Herald Sun"	"2014-06-29 03:57:19.0"	"Christmas Island"	"1"
"en_AUS_hersun_int"	"Herald Sun"	"2014-07-24 02:06:31.0"	"Christmas Island"	"1"
"en_AUS_hersun_int"	"Herald Sun"	"2015-06-23 14:35:38.0"	"Christmas Island"	"1"
"en_AUS_hersun_int"	"Herald Sun"	"2014-02-21 22:53:17.0"	"Czech Republic"	"1"
"en_AUS_hersun_int"	"Herald Sun"	"2014-02-22 03:53:16.0"	"Czech Republic"	"1"
"en_AUS_hersun_int"	"Herald Sun"	"2015-02-16 03:19:54.0"	"Czech Republic"	"1"
"en_AUS_hersun_int"	"Herald Sun"	"2015-05-08 07:45:45.0"	"Czech Republic"	"1"
"en_AUS_hersun_int"	"Herald Sun"	"2014-01-10 03:46:08.0"	"Germany"	"1"
"en_AUS_hersun_int"	"Herald Sun"	"2014-01-24 05:34:37.0"	"Germany"	"1"
"en_AUS_hersun_int"	"Herald Sun"	"2014-02-10 02:36:42.0"	"Germany"	"1"
"en_AUS_hersun_int"	"Herald Sun"	"2014-02-11 07:36:45.0"	"Germany"	"1"
"en_AUS_hersun_int"	"Herald Sun"	"2014-02-15 10:46:27.0"	"Germany"	"1"
"en_AUS_hersun_int"	"Herald Sun"	"2014-02-19 01:53:00.0"	"Germany"	"2"
"en_AUS_hersun_int"	"Herald Sun"	"2014-02-24 02:54:36.0"	"Germany"	"1"
"en_AUS_hersun_int"	"Herald Sun"	"2014-03-24 15:17:25.0"	"Germany"	"1"
"en_AUS_hersun_int"	"Herald Sun"	"2014-07-15 08:18:19.0"	"Germany"	"1"
"en_AUS_hersun_int"	"Herald Sun"	"2014-07-21 07:21:32.0"	"Germany"	"1"
"en_AUS_hersun_int"	"Herald Sun"	"2014-10-30 04:39:49.0"	"Germany"	"1"
"en_AUS_hersun_int"	"Herald Sun"	"2014-11-05 09:06:20.0"	"Germany"	"1"
"en_AUS_hersun_int"	"Herald Sun"	"2014-11-14 23:51:17.0"	"Germany"	"1"
"en_AUS_hersun_int"	"Herald Sun"	"2014-11-15 05:42:35.0"	"Germany"	"2"
"en_AUS_hersun_int"	"Herald Sun"	"2014-11-17 03:43:09.0"	"Germany"	"2"
"en_AUS_hersun_int"	"Herald Sun"	"2014-12-17 10:45:03.0"	"Germany"	"1"
"en_AUS_hersun_int"	"Herald Sun"	"2015-04-20 06:38:26.0"	"Germany"	"1"
"en_AUS_hersun_int"	"Herald Sun"	"2015-04-22 23:05:59.0"	"Germany"	"1"
"en_AUS_hersun_int"	"Herald Sun"	"2015-06-16 08:33:40.0"	"Germany"	"1"
"en_AUS_hersun_int"	"Herald Sun"	"2015-02-15 09:11:50.0"	"Denmark"	"1"
"en_AUS_hersun_int"	"Herald Sun"	"2014-01-24 05:34:37.0"	"Egypt"	"1"
"en_AUS_hersun_int"	"Herald Sun"	"2014-01-30 03:53:16.0"	"Egypt"	"1"
"en_AUS_hersun_int"	"Herald Sun"	"2014-02-10 22:36:43.0"	"Egypt"	"1"
"en_AUS_hersun_int"	"Herald Sun"	"2014-02-18 00:50:02.0"	"Egypt"	"2"
"en_AUS_hersun_int"	"Herald Sun"	"2014-02-19 16:53:06.0"	"Egypt"	"1"
"en_AUS_hersun_int"	"Herald Sun"	"2014-03-29 05:18:44.0"	"Egypt"	"1"
"en_AUS_hersun_int"	"Herald Sun"	"2014-06-23 00:33:09.0"	"Egypt"	"1"
"en_AUS_hersun_int"	"Herald Sun"	"2014-06-24 02:55:47.0"	"Egypt"	"2"
"en_AUS_hersun_int"	"Herald Sun"	"2014-09-11 00:34:02.0"	"Egypt"	"1"
"en_AUS_hersun_int"	"Herald Sun"	"2014-09-26 02:39:20.0"	"Egypt"	"1"
"en_AUS_hersun_int"	"Herald Sun"	"2014-10-23 05:21:32.0"	"Egypt"	"1"
"en_AUS_hersun_int"	"Herald Sun"	"2014-12-31 21:06:23.0"	"Egypt"	"1"
"en_AUS_hersun_int"	"Herald Sun"	"2015-01-01 09:19:07.0"	"Egypt"	"1"
"en_AUS_hersun_int"	"Herald Sun"	"2015-02-25 06:10:40.0"	"Egypt"	"1"
"en_AUS_hersun_int"	"Herald Sun"	"2015-04-08 07:24:34.0"	"Egypt"	"1"
"en_AUS_hersun_int"	"Herald Sun"	"2015-05-23 03:00:08.0"	"Egypt"	"1"
"en_AUS_hersun_int"	"Herald Sun"	"2014-09-03 10:03:11.0"	"Spain"	"1"
"en_AUS_hersun_int"	"Herald Sun"	"2014-11-14 11:38:53.0"	"Spain"	"1"
"en_AUS_hersun_int"	"Herald Sun"	"2015-04-14 02:37:14.0"	"Spain"	"1"
"en_AUS_hersun_int"	"Herald Sun"	"2014-10-16 09:21:13.0"	"Estonia"	"1"
"en_AUS_hersun_int"	"Herald Sun"	"2015-05-25 04:17:26.0"	"Finland"	"1"
"en_AUS_hersun_int"	"Herald Sun"	"2015-06-19 04:34:57.0"	"Finland"	"1"
"en_AUS_hersun_int"	"Herald Sun"	"2014-02-13 05:43:28.0"	"Fiji"	"2"
"en_AUS_hersun_int"	"Herald Sun"	"2014-04-21 08:48:30.0"	"Fiji"	"1"
"en_AUS_hersun_int"	"Herald Sun"	"2014-05-19 07:10:01.0"	"Fiji"	"2"
"en_AUS_hersun_int"	"Herald Sun"	"2014-05-25 04:56:18.0"	"Fiji"	"2"
"en_AUS_hersun_int"	"Herald Sun"	"2014-06-24 13:55:59.0"	"Fiji"	"1"
"en_AUS_hersun_int"	"Herald Sun"	"2014-08-01 08:31:37.0"	"Fiji"	"1"
"en_AUS_hersun_int"	"Herald Sun"	"2014-08-14 04:15:39.0"	"Fiji"	"1"
"en_AUS_hersun_int"	"Herald Sun"	"2014-08-19 06:24:35.0"	"Fiji"	"1"
"en_AUS_hersun_int"	"Herald Sun"	"2014-09-12 01:37:45.0"	"Fiji"	"1"
"en_AUS_hersun_int"	"Herald Sun"	"2014-09-17 09:58:07.0"	"Fiji"	"2"
"en_AUS_hersun_int"	"Herald Sun"	"2014-09-18 08:58:59.0"	"Fiji"	"1"
"en_AUS_hersun_int"	"Herald Sun"	"2014-10-01 03:17:00.0"	"Fiji"	"1"
"en_AUS_hersun_int"	"Herald Sun"	"2014-10-31 06:04:09.0"	"Fiji"	"1"
"en_AUS_hersun_int"	"Herald Sun"	"2014-11-01 02:04:23.0"	"Fiji"	"1"
"en_AUS_hersun_int"	"Herald Sun"	"2014-11-12 09:38:19.0"	"Fiji"	"1"
"en_AUS_hersun_int"	"Herald Sun"	"2014-11-24 08:14:06.0"	"Fiji"	"1"
"en_AUS_hersun_int"	"Herald Sun"	"2014-12-09 04:54:43.0"	"Fiji"	"1"
"en_AUS_hersun_int"	"Herald Sun"	"2015-03-10 00:41:13.0"	"Fiji"	"1"
"en_AUS_hersun_int"	"Herald Sun"	"2015-04-27 07:07:42.0"	"Fiji"	"1"
"en_AUS_hersun_int"	"Herald Sun"	"2014-01-09 23:46:08.0"	"France"	"2"
"en_AUS_hersun_int"	"Herald Sun"	"2014-01-28 00:53:33.0"	"France"	"1"
"en_AUS_hersun_int"	"Herald Sun"	"2014-04-01 10:20:35.0"	"France"	"1"
"en_AUS_hersun_int"	"Herald Sun"	"2014-04-13 14:45:54.0"	"France"	"1"
"en_AUS_hersun_int"	"Herald Sun"	"2014-04-14 01:46:00.0"	"France"	"1"
"en_AUS_hersun_int"	"Herald Sun"	"2014-05-27 03:15:27.0"	"France"	"1"
"en_AUS_hersun_int"	"Herald Sun"	"2014-05-30 16:58:11.0"	"France"	"1"
"en_AUS_hersun_int"	"Herald Sun"	"2014-09-11 07:34:07.0"	"France"	"2"
"en_AUS_hersun_int"	"Herald Sun"	"2014-11-18 09:43:35.0"	"France"	"2"
"en_AUS_hersun_int"	"Herald Sun"	"2014-11-19 03:43:55.0"	"France"	"3"
"en_AUS_hersun_int"	"Herald Sun"	"2015-01-08 04:21:24.0"	"France"	"1"
"en_AUS_hersun_int"	"Herald Sun"	"2015-02-25 07:10:53.0"	"France"	"1"
"en_AUS_hersun_int"	"Herald Sun"	"2015-03-25 01:19:39.0"	"France"	"1"
"en_AUS_hersun_int"	"Herald Sun"	"2015-04-10 11:25:18.0"	"France"	"1"
"en_AUS_hersun_int"	"Herald Sun"	"2015-04-12 04:25:56.0"	"France"	"1"
"en_AUS_hersun_int"	"Herald Sun"	"2015-04-14 02:37:14.0"	"France"	"1"
"en_AUS_hersun_int"	"Herald Sun"	"2015-04-24 03:06:19.0"	"France"	"2"
"en_AUS_hersun_int"	"Herald Sun"	"2015-04-27 04:07:20.0"	"France"	"2"
"en_AUS_hersun_int"	"Herald Sun"	"2015-04-29 02:42:44.0"	"France"	"1"
"en_AUS_hersun_int"	"Herald Sun"	"2015-05-02 08:43:48.0"	"France"	"1"
"en_AUS_hersun_int"	"Herald Sun"	"2015-05-09 02:45:59.0"	"France"	"1"
"en_AUS_hersun_int"	"Herald Sun"	"2015-05-27 08:19:13.0"	"France"	"1"
"en_AUS_hersun_int"	"Herald Sun"	"2015-06-12 10:32:40.0"	"France"	"1"
"en_AUS_hersun_int"	"Herald Sun"	"2014-01-28 00:53:33.0"	"United Kingdom"	"1"
"en_AUS_hersun_int"	"Herald Sun"	"2014-02-27 02:09:01.0"	"United Kingdom"	"1"
"en_AUS_hersun_int"	"Herald Sun"	"2014-03-01 14:17:20.0"	"United Kingdom"	"1"
"en_AUS_hersun_int"	"Herald Sun"	"2014-03-14 05:48:07.0"	"United Kingdom"	"1"
"en_AUS_hersun_int"	"Herald Sun"	"2014-03-28 05:18:25.0"	"United Kingdom"	"1"
"en_AUS_hersun_int"	"Herald Sun"	"2014-04-02 02:46:40.0"	"United Kingdom"	"1"
"en_AUS_hersun_int"	"Herald Sun"	"2014-06-09 00:18:19.0"	"United Kingdom"	"1"
"en_AUS_hersun_int"	"Herald Sun"	"2014-06-10 07:21:46.0"	"United Kingdom"	"1"
"en_AUS_hersun_int"	"Herald Sun"	"2014-07-09 09:01:04.0"	"United Kingdom"	"1"
"en_AUS_hersun_int"	"Herald Sun"	"2014-07-31 10:35:40.0"	"United Kingdom"	"1"
"en_AUS_hersun_int"	"Herald Sun"	"2014-08-08 06:08:37.0"	"United Kingdom"	"1"
"en_AUS_hersun_int"	"Herald Sun"	"2014-08-11 08:09:37.0"	"United Kingdom"	"1"
"en_AUS_hersun_int"	"Herald Sun"	"2014-08-18 05:17:59.0"	"United Kingdom"	"1"
"en_AUS_hersun_int"	"Herald Sun"	"2014-08-22 08:25:41.0"	"United Kingdom"	"1"
"en_AUS_hersun_int"	"Herald Sun"	"2014-08-30 00:28:41.0"	"United Kingdom"	"1"
"en_AUS_hersun_int"	"Herald Sun"	"2014-09-12 06:34:23.0"	"United Kingdom"	"1"
"en_AUS_hersun_int"	"Herald Sun"	"2014-09-18 09:59:03.0"	"United Kingdom"	"1"
"en_AUS_hersun_int"	"Herald Sun"	"2014-09-22 07:01:28.0"	"United Kingdom"	"1"
"en_AUS_hersun_int"	"Herald Sun"	"2014-09-26 06:39:29.0"	"United Kingdom"	"1"
"en_AUS_hersun_int"	"Herald Sun"	"2014-10-29 01:23:55.0"	"United Kingdom"	"1"
"en_AUS_hersun_int"	"Herald Sun"	"2014-11-13 07:38:32.0"	"United Kingdom"	"3"
"en_AUS_hersun_int"	"Herald Sun"	"2014-11-14 00:38:43.0"	"United Kingdom"	"4"
"en_AUS_hersun_int"	"Herald Sun"	"2014-11-15 05:44:08.0"	"United Kingdom"	"1"
"en_AUS_hersun_int"	"Herald Sun"	"2015-01-03 09:22:14.0"	"United Kingdom"	"1"
"en_AUS_hersun_int"	"Herald Sun"	"2015-01-16 06:59:41.0"	"United Kingdom"	"1"
"en_AUS_hersun_int"	"Herald Sun"	"2015-01-31 09:09:54.0"	"United Kingdom"	"1"
"en_AUS_hersun_int"	"Herald Sun"	"2015-02-01 23:15:03.0"	"United Kingdom"	"1"
"en_AUS_hersun_int"	"Herald Sun"	"2015-02-02 09:12:36.0"	"United Kingdom"	"1"
"en_AUS_hersun_int"	"Herald Sun"	"2015-03-18 03:33:54.0"	"United Kingdom"	"2"
"en_AUS_hersun_int"	"Herald Sun"	"2015-04-06 03:23:54.0"	"United Kingdom"	"1"
"en_AUS_hersun_int"	"Herald Sun"	"2015-04-19 01:38:02.0"	"United Kingdom"	"2"
"en_AUS_hersun_int"	"Herald Sun"	"2015-04-20 05:38:25.0"	"United Kingdom"	"3"
"en_AUS_hersun_int"	"Herald Sun"	"2015-04-21 01:38:41.0"	"United Kingdom"	"2"
"en_AUS_hersun_int"	"Herald Sun"	"2015-04-22 08:05:46.0"	"United Kingdom"	"1"
"en_AUS_hersun_int"	"Herald Sun"	"2015-06-05 06:01:53.0"	"United Kingdom"	"2"
"en_AUS_hersun_int"	"Herald Sun"	"2014-07-06 04:59:52.0"	"Guinea"	"1"
"en_AUS_hersun_int"	"Herald Sun"	"2015-02-23 06:18:35.0"	"Greece"	"1"
"en_AUS_hersun_int"	"Herald Sun"	"2015-06-04 09:01:39.0"	"Greece"	"1"
"en_AUS_hersun_int"	"Herald Sun"	"2015-06-29 23:37:13.0"	"Greece"	"1"
"en_AUS_hersun_int"	"Herald Sun"	"2015-06-30 04:37:16.0"	"Greece"	"4"
"en_AUS_hersun_int"	"Herald Sun"	"2014-06-16 06:22:53.0"	"Hong Kong"	"1"
"en_AUS_hersun_int"	"Herald Sun"	"2014-07-17 11:18:49.0"	"Hong Kong"	"1"
"en_AUS_hersun_int"	"Herald Sun"	"2014-10-01 04:17:00.0"	"Hong Kong"	"1"
"en_AUS_hersun_int"	"Herald Sun"	"2014-01-07 05:46:16.0"	"Indonesia"	"2"
"en_AUS_hersun_int"	"Herald Sun"	"2014-01-09 03:46:10.0"	"Indonesia"	"1"
"en_AUS_hersun_int"	"Herald Sun"	"2014-01-28 07:53:31.0"	"Indonesia"	"1"
"en_AUS_hersun_int"	"Herald Sun"	"2014-01-29 03:53:40.0"	"Indonesia"	"2"
"en_AUS_hersun_int"	"Herald Sun"	"2014-02-05 05:01:17.0"	"Indonesia"	"1"
"en_AUS_hersun_int"	"Herald Sun"	"2014-02-12 02:36:43.0"	"Indonesia"	"1"
"en_AUS_hersun_int"	"Herald Sun"	"2014-02-17 00:47:01.0"	"Indonesia"	"2"
"en_AUS_hersun_int"	"Herald Sun"	"2014-02-26 14:59:41.0"	"Indonesia"	"1"
"en_AUS_hersun_int"	"Herald Sun"	"2014-03-16 15:20:02.0"	"Indonesia"	"1"
"en_AUS_hersun_int"	"Herald Sun"	"2014-03-19 09:20:54.0"	"Indonesia"	"1"
"en_AUS_hersun_int"	"Herald Sun"	"2014-03-21 08:16:36.0"	"Indonesia"	"1"
"en_AUS_hersun_int"	"Herald Sun"	"2014-04-24 01:18:21.0"	"Indonesia"	"1"
"en_AUS_hersun_int"	"Herald Sun"	"2014-05-02 23:19:07.0"	"Indonesia"	"1"
"en_AUS_hersun_int"	"Herald Sun"	"2014-05-13 13:24:09.0"	"Indonesia"	"1"
"en_AUS_hersun_int"	"Herald Sun"	"2014-06-02 10:17:11.0"	"Indonesia"	"1"
"en_AUS_hersun_int"	"Herald Sun"	"2014-06-04 11:17:44.0"	"Indonesia"	"1"
"en_AUS_hersun_int"	"Herald Sun"	"2014-07-04 08:04:20.0"	"Indonesia"	"1"
"en_AUS_hersun_int"	"Herald Sun"	"2014-08-27 10:27:57.0"	"Indonesia"	"1"
"en_AUS_hersun_int"	"Herald Sun"	"2014-09-05 00:03:55.0"	"Indonesia"	"1"
"en_AUS_hersun_int"	"Herald Sun"	"2014-10-19 02:20:04.0"	"Indonesia"	"3"
"en_AUS_hersun_int"	"Herald Sun"	"2014-10-23 01:29:16.0"	"Indonesia"	"3"
"en_AUS_hersun_int"	"Herald Sun"	"2014-11-03 22:10:37.0"	"Indonesia"	"1"
"en_AUS_hersun_int"	"Herald Sun"	"2014-11-04 05:11:09.0"	"Indonesia"	"2"
"en_AUS_hersun_int"	"Herald Sun"	"2014-11-18 09:43:35.0"	"Indonesia"	"1"
"en_AUS_hersun_int"	"Herald Sun"	"2015-02-03 04:12:56.0"	"Indonesia"	"1"
"en_AUS_hersun_int"	"Herald Sun"	"2015-02-15 23:12:05.0"	"Indonesia"	"1"
"en_AUS_hersun_int"	"Herald Sun"	"2015-02-25 23:31:25.0"	"Indonesia"	"1"
"en_AUS_hersun_int"	"Herald Sun"	"2015-03-03 02:14:51.0"	"Indonesia"	"1"
"en_AUS_hersun_int"	"Herald Sun"	"2015-03-04 01:39:17.0"	"Indonesia"	"1"
"en_AUS_hersun_int"	"Herald Sun"	"2015-03-12 06:42:56.0"	"Indonesia"	"1"
"en_AUS_hersun_int"	"Herald Sun"	"2015-03-15 06:35:24.0"	"Indonesia"	"2"
"en_AUS_hersun_int"	"Herald Sun"	"2015-03-20 06:39:57.0"	"Indonesia"	"1"
"en_AUS_hersun_int"	"Herald Sun"	"2015-04-01 01:22:15.0"	"Indonesia"	"1"
"en_AUS_hersun_int"	"Herald Sun"	"2015-04-27 07:07:42.0"	"Indonesia"	"1"
"en_AUS_hersun_int"	"Herald Sun"	"2015-04-29 03:42:45.0"	"Indonesia"	"3"
"en_AUS_hersun_int"	"Herald Sun"	"2015-05-01 03:43:23.0"	"Indonesia"	"2"
"en_AUS_hersun_int"	"Herald Sun"	"2015-05-27 00:24:07.0"	"Indonesia"	"4"
"en_AUS_hersun_int"	"Herald Sun"	"2015-06-09 10:57:05.0"	"Indonesia"	"1"
"en_AUS_hersun_int"	"Herald Sun"	"2015-06-10 06:57:17.0"	"Indonesia"	"1"
"en_AUS_hersun_int"	"Herald Sun"	"2015-06-15 00:33:18.0"	"Indonesia"	"1"
"en_AUS_hersun_int"	"Herald Sun"	"2015-06-29 00:37:06.0"	"Indonesia"	"1"
"en_AUS_hersun_int"	"Herald Sun"	"2014-03-24 15:17:25.0"	"India"	"1"
"en_AUS_hersun_int"	"Herald Sun"	"2014-04-08 08:17:34.0"	"India"	"1"
"en_AUS_hersun_int"	"Herald Sun"	"2014-04-14 10:46:07.0"	"India"	"1"
"en_AUS_hersun_int"	"Herald Sun"	"2014-05-17 06:09:30.0"	"India"	"1"
"en_AUS_hersun_int"	"Herald Sun"	"2014-05-28 07:16:26.0"	"India"	"1"
"en_AUS_hersun_int"	"Herald Sun"	"2014-07-04 05:04:09.0"	"India"	"1"
"en_AUS_hersun_int"	"Herald Sun"	"2014-08-01 07:36:38.0"	"India"	"1"
"en_AUS_hersun_int"	"Herald Sun"	"2014-08-02 05:31:51.0"	"India"	"1"
"en_AUS_hersun_int"	"Herald Sun"	"2014-08-14 10:10:42.0"	"India"	"1"
"en_AUS_hersun_int"	"Herald Sun"	"2014-08-18 10:12:04.0"	"India"	"1"
"en_AUS_hersun_int"	"Herald Sun"	"2014-09-03 02:02:39.0"	"India"	"2"
"en_AUS_hersun_int"	"Herald Sun"	"2014-09-04 00:03:20.0"	"India"	"2"
"en_AUS_hersun_int"	"Herald Sun"	"2014-10-09 09:20:24.0"	"India"	"1"
"en_AUS_hersun_int"	"Herald Sun"	"2014-11-16 10:42:57.0"	"India"	"1"
"en_AUS_hersun_int"	"Herald Sun"	"2014-11-17 10:43:15.0"	"India"	"2"
"en_AUS_hersun_int"	"Herald Sun"	"2014-11-18 00:43:25.0"	"India"	"8"
"en_AUS_hersun_int"	"Herald Sun"	"2014-11-19 06:43:58.0"	"India"	"1"
"en_AUS_hersun_int"	"Herald Sun"	"2014-11-20 02:09:02.0"	"India"	"1"
"en_AUS_hersun_int"	"Herald Sun"	"2015-03-05 23:39:54.0"	"India"	"1"
"en_AUS_hersun_int"	"Herald Sun"	"2015-03-10 06:41:19.0"	"India"	"1"
"en_AUS_hersun_int"	"Herald Sun"	"2015-03-11 03:42:06.0"	"India"	"2"
"en_AUS_hersun_int"	"Herald Sun"	"2015-04-15 01:37:31.0"	"India"	"1"
"en_AUS_hersun_int"	"Herald Sun"	"2015-04-28 06:43:19.0"	"India"	"1"
"en_AUS_hersun_int"	"Herald Sun"	"2015-05-13 04:47:21.0"	"India"	"1"
"en_AUS_hersun_int"	"Herald Sun"	"2015-06-04 00:01:32.0"	"India"	"2"
"en_AUS_hersun_int"	"Herald Sun"	"2015-06-22 03:35:15.0"	"India"	"1"
"en_AUS_hersun_int"	"Herald Sun"	"2014-01-03 06:42:08.0"	"Ireland"	"2"
"en_AUS_hersun_int"	"Herald Sun"	"2014-05-08 00:16:22.0"	"Ireland"	"1"
"en_AUS_hersun_int"	"Herald Sun"	"2014-08-07 07:33:15.0"	"Ireland"	"1"
"en_AUS_hersun_int"	"Herald Sun"	"2014-08-13 10:10:21.0"	"Ireland"	"1"
"en_AUS_hersun_int"	"Herald Sun"	"2014-10-02 04:17:15.0"	"Ireland"	"1"
"en_AUS_hersun_int"	"Herald Sun"	"2014-10-06 07:19:06.0"	"Ireland"	"1"
"en_AUS_hersun_int"	"Herald Sun"	"2014-10-07 08:28:49.0"	"Ireland"	"1"
"en_AUS_hersun_int"	"Herald Sun"	"2014-10-21 08:20:49.0"	"Ireland"	"2"
"en_AUS_hersun_int"	"Herald Sun"	"2015-01-03 02:22:08.0"	"Ireland"	"1"
"en_AUS_hersun_int"	"Herald Sun"	"2015-02-05 02:13:48.0"	"Ireland"	"1"
"en_AUS_hersun_int"	"Herald Sun"	"2015-02-06 08:14:13.0"	"Ireland"	"1"
"en_AUS_hersun_int"	"Herald Sun"	"2015-04-16 04:37:49.0"	"Ireland"	"1"
"en_AUS_hersun_int"	"Herald Sun"	"2015-05-23 03:00:08.0"	"Ireland"	"1"
"en_AUS_hersun_int"	"Herald Sun"	"2015-05-24 01:00:22.0"	"Ireland"	"1"
"en_AUS_hersun_int"	"Herald Sun"	"2014-02-09 23:36:42.0"	"Iran"	"1"
"en_AUS_hersun_int"	"Herald Sun"	"2014-02-18 10:53:00.0"	"Iran"	"1"
"en_AUS_hersun_int"	"Herald Sun"	"2014-02-21 05:53:14.0"	"Iran"	"1"
"en_AUS_hersun_int"	"Herald Sun"	"2014-03-05 01:21:57.0"	"Iran"	"1"
"en_AUS_hersun_int"	"Herald Sun"	"2014-09-03 06:02:43.0"	"Iran"	"1"
"en_AUS_hersun_int"	"Herald Sun"	"2014-12-16 08:42:57.0"	"Iran"	"1"
"en_AUS_hersun_int"	"Herald Sun"	"2015-04-03 07:22:55.0"	"Iran"	"1"
"en_AUS_hersun_int"	"Herald Sun"	"2015-04-11 06:25:34.0"	"Iran"	"2"
"en_AUS_hersun_int"	"Herald Sun"	"2015-04-18 04:37:45.0"	"Iran"	"2"
"en_AUS_hersun_int"	"Herald Sun"	"2015-04-20 06:38:26.0"	"Iran"	"1"
"en_AUS_hersun_int"	"Herald Sun"	"2015-04-21 01:38:41.0"	"Iran"	"2"
"en_AUS_hersun_int"	"Herald Sun"	"2015-05-26 03:17:38.0"	"Iran"	"1"
"en_AUS_hersun_int"	"Herald Sun"	"2015-06-19 01:34:28.0"	"Iran"	"2"
"en_AUS_hersun_int"	"Herald Sun"	"2015-06-22 06:35:18.0"	"Iran"	"2"
"en_AUS_hersun_int"	"Herald Sun"	"2014-05-13 00:24:09.0"	"Iraq"	"1"
"en_AUS_hersun_int"	"Herald Sun"	"2014-06-15 09:22:37.0"	"Iraq"	"2"
"en_AUS_hersun_int"	"Herald Sun"	"2014-06-16 01:22:47.0"	"Iraq"	"2"
"en_AUS_hersun_int"	"Herald Sun"	"2014-06-29 11:57:27.0"	"Iraq"	"1"
"en_AUS_hersun_int"	"Herald Sun"	"2014-08-02 05:31:51.0"	"Iraq"	"1"
"en_AUS_hersun_int"	"Herald Sun"	"2014-08-08 06:08:37.0"	"Iraq"	"1"
"en_AUS_hersun_int"	"Herald Sun"	"2014-08-11 00:09:28.0"	"Iraq"	"3"
"en_AUS_hersun_int"	"Herald Sun"	"2014-08-12 09:09:59.0"	"Iraq"	"1"
"en_AUS_hersun_int"	"Herald Sun"	"2014-08-13 01:10:11.0"	"Iraq"	"2"
"en_AUS_hersun_int"	"Herald Sun"	"2014-08-14 04:10:36.0"	"Iraq"	"4"
"en_AUS_hersun_int"	"Herald Sun"	"2014-08-15 07:10:59.0"	"Iraq"	"1"
"en_AUS_hersun_int"	"Herald Sun"	"2014-08-26 13:27:35.0"	"Iraq"	"1"
"en_AUS_hersun_int"	"Herald Sun"	"2014-08-27 10:33:16.0"	"Iraq"	"1"
"en_AUS_hersun_int"	"Herald Sun"	"2014-08-31 00:55:47.0"	"Iraq"	"5"
"en_AUS_hersun_int"	"Herald Sun"	"2014-09-01 00:59:40.0"	"Iraq"	"5"
"en_AUS_hersun_int"	"Herald Sun"	"2014-09-03 08:02:56.0"	"Iraq"	"1"
"en_AUS_hersun_int"	"Herald Sun"	"2014-09-11 04:36:38.0"	"Iraq"	"2"
"en_AUS_hersun_int"	"Herald Sun"	"2014-09-15 06:55:49.0"	"Iraq"	"2"
"en_AUS_hersun_int"	"Herald Sun"	"2014-09-16 00:35:42.0"	"Iraq"	"2"
"en_AUS_hersun_int"	"Herald Sun"	"2014-09-17 01:57:26.0"	"Iraq"	"3"
"en_AUS_hersun_int"	"Herald Sun"	"2014-09-20 04:00:17.0"	"Iraq"	"1"
"en_AUS_hersun_int"	"Herald Sun"	"2014-09-23 07:02:24.0"	"Iraq"	"1"
"en_AUS_hersun_int"	"Herald Sun"	"2014-09-28 08:16:15.0"	"Iraq"	"1"
"en_AUS_hersun_int"	"Herald Sun"	"2014-10-01 07:22:28.0"	"Iraq"	"2"
"en_AUS_hersun_int"	"Herald Sun"	"2014-10-02 00:17:13.0"	"Iraq"	"3"
"en_AUS_hersun_int"	"Herald Sun"	"2014-10-03 05:25:02.0"	"Iraq"	"3"
"en_AUS_hersun_int"	"Herald Sun"	"2014-10-04 20:26:54.0"	"Iraq"	"1"
"en_AUS_hersun_int"	"Herald Sun"	"2014-10-05 01:27:05.0"	"Iraq"	"2"
"en_AUS_hersun_int"	"Herald Sun"	"2014-10-09 13:20:27.0"	"Iraq"	"1"
"en_AUS_hersun_int"	"Herald Sun"	"2014-10-15 03:22:32.0"	"Iraq"	"2"
"en_AUS_hersun_int"	"Herald Sun"	"2014-10-17 07:22:48.0"	"Iraq"	"2"
"en_AUS_hersun_int"	"Herald Sun"	"2014-10-19 00:20:01.0"	"Iraq"	"1"
"en_AUS_hersun_int"	"Herald Sun"	"2014-10-21 08:20:49.0"	"Iraq"	"1"
"en_AUS_hersun_int"	"Herald Sun"	"2014-10-22 06:28:24.0"	"Iraq"	"1"
"en_AUS_hersun_int"	"Herald Sun"	"2014-10-31 05:05:46.0"	"Iraq"	"1"
"en_AUS_hersun_int"	"Herald Sun"	"2014-11-11 02:37:49.0"	"Iraq"	"2"
"en_AUS_hersun_int"	"Herald Sun"	"2014-11-19 23:44:31.0"	"Iraq"	"1"
"en_AUS_hersun_int"	"Herald Sun"	"2014-12-19 02:58:12.0"	"Iraq"	"1"
"en_AUS_hersun_int"	"Herald Sun"	"2015-01-06 10:16:13.0"	"Iraq"	"1"
"en_AUS_hersun_int"	"Herald Sun"	"2015-02-20 23:17:33.0"	"Iraq"	"1"
"en_AUS_hersun_int"	"Herald Sun"	"2015-02-21 03:17:40.0"	"Iraq"	"2"
"en_AUS_hersun_int"	"Herald Sun"	"2015-02-23 03:33:32.0"	"Iraq"	"2"
"en_AUS_hersun_int"	"Herald Sun"	"2015-02-25 01:02:10.0"	"Iraq"	"3"
"en_AUS_hersun_int"	"Herald Sun"	"2015-02-27 06:41:28.0"	"Iraq"	"2"
"en_AUS_hersun_int"	"Herald Sun"	"2015-03-01 01:55:10.0"	"Iraq"	"1"
"en_AUS_hersun_int"	"Herald Sun"	"2015-03-02 02:55:31.0"	"Iraq"	"2"
"en_AUS_hersun_int"	"Herald Sun"	"2015-03-03 02:14:10.0"	"Iraq"	"2"
"en_AUS_hersun_int"	"Herald Sun"	"2015-03-04 00:39:17.0"	"Iraq"	"1"
"en_AUS_hersun_int"	"Herald Sun"	"2015-03-13 04:32:04.0"	"Iraq"	"1"
"en_AUS_hersun_int"	"Herald Sun"	"2015-03-30 03:21:40.0"	"Iraq"	"1"
"en_AUS_hersun_int"	"Herald Sun"	"2015-04-14 05:36:27.0"	"Iraq"	"2"
"en_AUS_hersun_int"	"Herald Sun"	"2015-04-15 02:36:47.0"	"Iraq"	"2"
"en_AUS_hersun_int"	"Herald Sun"	"2015-04-20 22:38:39.0"	"Iraq"	"1"
"en_AUS_hersun_int"	"Herald Sun"	"2015-04-21 08:38:47.0"	"Iraq"	"1"
"en_AUS_hersun_int"	"Herald Sun"	"2015-04-29 06:42:48.0"	"Iraq"	"1"
"en_AUS_hersun_int"	"Herald Sun"	"2015-05-22 04:59:53.0"	"Iraq"	"1"
"en_AUS_hersun_int"	"Herald Sun"	"2015-05-31 03:00:29.0"	"Iraq"	"1"
"en_AUS_hersun_int"	"Herald Sun"	"2015-06-11 08:58:19.0"	"Iraq"	"1"
"en_AUS_hersun_int"	"Herald Sun"	"2015-06-29 00:37:06.0"	"Iraq"	"1"
"en_AUS_hersun_int"	"Herald Sun"	"2014-06-05 05:17:56.0"	"Israel"	"1"
"en_AUS_hersun_int"	"Herald Sun"	"2014-07-17 13:18:50.0"	"Israel"	"1"
"en_AUS_hersun_int"	"Herald Sun"	"2014-07-27 08:07:17.0"	"Israel"	"2"
"en_AUS_hersun_int"	"Herald Sun"	"2014-07-28 07:07:38.0"	"Israel"	"2"
"en_AUS_hersun_int"	"Herald Sun"	"2014-11-09 02:37:05.0"	"Israel"	"1"
"en_AUS_hersun_int"	"Herald Sun"	"2015-04-22 07:05:45.0"	"Israel"	"1"
"en_AUS_hersun_int"	"Herald Sun"	"2014-11-17 06:43:11.0"	"Italy"	"1"
"en_AUS_hersun_int"	"Herald Sun"	"2015-05-06 01:44:57.0"	"Italy"	"1"
"en_AUS_hersun_int"	"Herald Sun"	"2015-06-24 02:35:46.0"	"Jordan"	"1"
"en_AUS_hersun_int"	"Herald Sun"	"2014-01-06 00:42:05.0"	"Japan"	"2"
"en_AUS_hersun_int"	"Herald Sun"	"2014-01-10 00:46:08.0"	"Japan"	"2"
"en_AUS_hersun_int"	"Herald Sun"	"2014-02-23 04:54:37.0"	"Japan"	"1"
"en_AUS_hersun_int"	"Herald Sun"	"2014-03-20 10:16:23.0"	"Japan"	"1"
"en_AUS_hersun_int"	"Herald Sun"	"2014-03-27 04:17:59.0"	"Japan"	"1"
"en_AUS_hersun_int"	"Herald Sun"	"2014-04-01 00:20:05.0"	"Japan"	"3"
"en_AUS_hersun_int"	"Herald Sun"	"2014-04-04 00:47:12.0"	"Japan"	"2"
"en_AUS_hersun_int"	"Herald Sun"	"2014-04-06 06:47:44.0"	"Japan"	"1"
"en_AUS_hersun_int"	"Herald Sun"	"2014-04-08 01:17:29.0"	"Japan"	"2"
"en_AUS_hersun_int"	"Herald Sun"	"2014-05-05 07:35:38.0"	"Japan"	"1"
"en_AUS_hersun_int"	"Herald Sun"	"2014-05-16 05:09:17.0"	"Japan"	"1"
"en_AUS_hersun_int"	"Herald Sun"	"2014-06-11 11:18:53.0"	"Japan"	"1"
"en_AUS_hersun_int"	"Herald Sun"	"2014-07-08 02:00:33.0"	"Japan"	"3"
"en_AUS_hersun_int"	"Herald Sun"	"2014-07-09 01:00:58.0"	"Japan"	"4"
"en_AUS_hersun_int"	"Herald Sun"	"2014-10-14 07:22:19.0"	"Japan"	"1"
"en_AUS_hersun_int"	"Herald Sun"	"2014-10-21 08:20:49.0"	"Japan"	"1"
"en_AUS_hersun_int"	"Herald Sun"	"2014-10-28 09:23:45.0"	"Japan"	"1"
"en_AUS_hersun_int"	"Herald Sun"	"2014-11-13 23:48:55.0"	"Japan"	"1"
"en_AUS_hersun_int"	"Herald Sun"	"2014-11-15 21:42:48.0"	"Japan"	"1"
"en_AUS_hersun_int"	"Herald Sun"	"2014-11-16 01:42:50.0"	"Japan"	"3"
"en_AUS_hersun_int"	"Herald Sun"	"2014-11-17 11:43:16.0"	"Japan"	"1"
"en_AUS_hersun_int"	"Herald Sun"	"2014-12-09 01:53:21.0"	"Japan"	"1"
"en_AUS_hersun_int"	"Herald Sun"	"2015-01-06 01:16:07.0"	"Japan"	"1"
"en_AUS_hersun_int"	"Herald Sun"	"2015-02-18 04:12:54.0"	"Japan"	"2"
"en_AUS_hersun_int"	"Herald Sun"	"2015-03-27 03:20:14.0"	"Japan"	"2"
"en_AUS_hersun_int"	"Herald Sun"	"2015-04-27 02:07:18.0"	"Japan"	"1"
"en_AUS_hersun_int"	"Herald Sun"	"2015-05-26 04:17:38.0"	"Japan"	"1"
"en_AUS_hersun_int"	"Herald Sun"	"2015-06-01 08:00:47.0"	"Japan"	"1"
"en_AUS_hersun_int"	"Herald Sun"	"2015-04-03 06:22:49.0"	"Kenya"	"1"
"en_AUS_hersun_int"	"Herald Sun"	"2014-02-23 04:54:37.0"	"Cambodia"	"1"
"en_AUS_hersun_int"	"Herald Sun"	"2014-02-24 00:54:36.0"	"Cambodia"	"1"
"en_AUS_hersun_int"	"Herald Sun"	"2014-03-09 00:27:14.0"	"Cambodia"	"1"
"en_AUS_hersun_int"	"Herald Sun"	"2014-04-03 22:47:11.0"	"Cambodia"	"1"
"en_AUS_hersun_int"	"Herald Sun"	"2014-04-04 08:47:18.0"	"Cambodia"	"1"
"en_AUS_hersun_int"	"Herald Sun"	"2014-04-10 00:42:58.0"	"Cambodia"	"1"
"en_AUS_hersun_int"	"Herald Sun"	"2014-05-19 01:11:55.0"	"Cambodia"	"1"
"en_AUS_hersun_int"	"Herald Sun"	"2014-05-21 01:54:50.0"	"Cambodia"	"2"
"en_AUS_hersun_int"	"Herald Sun"	"2014-05-22 01:55:16.0"	"Cambodia"	"1"
"en_AUS_hersun_int"	"Herald Sun"	"2014-08-11 06:09:33.0"	"Cambodia"	"1"
"en_AUS_hersun_int"	"Herald Sun"	"2014-09-26 02:39:20.0"	"Cambodia"	"2"
"en_AUS_hersun_int"	"Herald Sun"	"2014-11-19 03:43:55.0"	"Cambodia"	"1"
"en_AUS_hersun_int"	"Herald Sun"	"2015-01-20 02:58:34.0"	"Cambodia"	"2"
"en_AUS_hersun_int"	"Herald Sun"	"2015-03-13 01:32:00.0"	"Cambodia"	"1"
"en_AUS_hersun_int"	"Herald Sun"	"2015-03-26 01:19:55.0"	"Cambodia"	"2"
"en_AUS_hersun_int"	"Herald Sun"	"2015-04-16 02:37:06.0"	"Cambodia"	"1"
"en_AUS_hersun_int"	"Herald Sun"	"2015-04-19 10:38:11.0"	"Cambodia"	"1"
"en_AUS_hersun_int"	"Herald Sun"	"2015-04-20 01:38:22.0"	"Cambodia"	"1"
"en_AUS_hersun_int"	"Herald Sun"	"2015-04-23 00:06:00.0"	"Cambodia"	"1"
"en_AUS_hersun_int"	"Herald Sun"	"2015-05-03 06:44:05.0"	"Cambodia"	"1"
"en_AUS_hersun_int"	"Herald Sun"	"2014-11-15 03:42:31.0"	"South Korea"	"1"
"en_AUS_hersun_int"	"Herald Sun"	"2014-12-03 00:45:16.0"	"South Korea"	"1"
"en_AUS_hersun_int"	"Herald Sun"	"2014-07-21 10:21:34.0"	"Lebanon"	"1"
"en_AUS_hersun_int"	"Herald Sun"	"2014-12-02 04:46:20.0"	"Lebanon"	"1"
"en_AUS_hersun_int"	"Herald Sun"	"2014-08-26 05:27:28.0"	"Liberia"	"1"
"en_AUS_hersun_int"	"Herald Sun"	"2014-07-21 02:21:29.0"	"Libya"	"1"
"en_AUS_hersun_int"	"Herald Sun"	"2014-01-27 09:53:32.0"	"Sri Lanka"	"2"
"en_AUS_hersun_int"	"Herald Sun"	"2014-03-12 06:42:26.0"	"Sri Lanka"	"1"
"en_AUS_hersun_int"	"Herald Sun"	"2014-07-01 11:58:08.0"	"Sri Lanka"	"1"
"en_AUS_hersun_int"	"Herald Sun"	"2014-07-06 02:05:30.0"	"Sri Lanka"	"1"
"en_AUS_hersun_int"	"Herald Sun"	"2014-07-08 01:00:32.0"	"Sri Lanka"	"1"
"en_AUS_hersun_int"	"Herald Sun"	"2014-07-09 11:08:32.0"	"Sri Lanka"	"1"
"en_AUS_hersun_int"	"Herald Sun"	"2015-04-28 11:42:34.0"	"Monaco"	"1"
"en_AUS_hersun_int"	"Herald Sun"	"2014-01-15 23:26:41.0"	"Maldives"	"1"
"en_AUS_hersun_int"	"Herald Sun"	"2014-04-30 00:22:41.0"	"Maldives"	"1"
"en_AUS_hersun_int"	"Herald Sun"	"2015-04-17 00:37:24.0"	"Maldives"	"1"
"en_AUS_hersun_int"	"Herald Sun"	"2015-06-20 08:34:48.0"	"Maldives"	"1"
"en_AUS_hersun_int"	"Herald Sun"	"2014-09-22 03:38:56.0"	"Mexico"	"2"
"en_AUS_hersun_int"	"Herald Sun"	"2014-10-27 02:23:13.0"	"Mexico"	"1"
"en_AUS_hersun_int"	"Herald Sun"	"2015-03-25 01:19:39.0"	"Mexico"	"1"
"en_AUS_hersun_int"	"Herald Sun"	"2014-11-02 06:04:46.0"	"Mali"	"1"
"en_AUS_hersun_int"	"Herald Sun"	"2014-06-04 00:17:45.0"	"Myanmar"	"1"
"en_AUS_hersun_int"	"Herald Sun"	"2014-06-30 05:00:54.0"	"Myanmar"	"1"
"en_AUS_hersun_int"	"Herald Sun"	"2014-07-05 01:59:27.0"	"Myanmar"	"1"
"en_AUS_hersun_int"	"Herald Sun"	"2015-05-20 07:26:52.0"	"Myanmar"	"2"
"en_AUS_hersun_int"	"Herald Sun"	"2015-05-23 00:00:14.0"	"Myanmar"	"1"
"en_AUS_hersun_int"	"Herald Sun"	"2014-03-05 01:21:57.0"	"Mongolia"	"1"
"en_AUS_hersun_int"	"Herald Sun"	"2015-03-16 06:33:02.0"	"Mongolia"	"1"
"en_AUS_hersun_int"	"Herald Sun"	"2015-06-24 02:35:46.0"	"Mongolia"	"1"
"en_AUS_hersun_int"	"Herald Sun"	"2014-02-05 22:01:20.0"	"Malaysia"	"1"
"en_AUS_hersun_int"	"Herald Sun"	"2014-03-09 04:27:15.0"	"Malaysia"	"1"
"en_AUS_hersun_int"	"Herald Sun"	"2014-03-17 09:20:14.0"	"Malaysia"	"1"
"en_AUS_hersun_int"	"Herald Sun"	"2014-03-20 05:16:19.0"	"Malaysia"	"1"
"en_AUS_hersun_int"	"Herald Sun"	"2014-04-02 22:48:30.0"	"Malaysia"	"1"
"en_AUS_hersun_int"	"Herald Sun"	"2014-04-19 04:51:56.0"	"Malaysia"	"1"
"en_AUS_hersun_int"	"Herald Sun"	"2014-05-22 04:55:18.0"	"Malaysia"	"1"
"en_AUS_hersun_int"	"Herald Sun"	"2014-08-10 06:12:22.0"	"Malaysia"	"1"
"en_AUS_hersun_int"	"Herald Sun"	"2014-09-13 13:34:46.0"	"Malaysia"	"1"
"en_AUS_hersun_int"	"Herald Sun"	"2014-11-05 02:06:08.0"	"Malaysia"	"3"
"en_AUS_hersun_int"	"Herald Sun"	"2014-12-12 23:40:52.0"	"Malaysia"	"1"
"en_AUS_hersun_int"	"Herald Sun"	"2014-12-13 13:41:09.0"	"Malaysia"	"1"
"en_AUS_hersun_int"	"Herald Sun"	"2015-04-29 09:42:50.0"	"Malaysia"	"1"
"en_AUS_hersun_int"	"Herald Sun"	"2015-05-12 03:47:00.0"	"Malaysia"	"1"
"en_AUS_hersun_int"	"Herald Sun"	"2015-06-07 01:56:27.0"	"Malaysia"	"1"
"en_AUS_hersun_int"	"Herald Sun"	"2014-06-03 05:17:24.0"	"Nigeria"	"1"
"en_AUS_hersun_int"	"Herald Sun"	"2014-05-12 11:15:49.0"	"Nepal"	"1"
"en_AUS_hersun_int"	"Herald Sun"	"2014-07-27 04:07:14.0"	"Nepal"	"1"
"en_AUS_hersun_int"	"Herald Sun"	"2015-04-26 02:06:59.0"	"Nepal"	"7"
"en_AUS_hersun_int"	"Herald Sun"	"2015-04-27 00:07:17.0"	"Nepal"	"9"
"en_AUS_hersun_int"	"Herald Sun"	"2015-04-28 01:42:25.0"	"Nepal"	"3"
"en_AUS_hersun_int"	"Herald Sun"	"2015-04-29 00:43:29.0"	"Nepal"	"6"
"en_AUS_hersun_int"	"Herald Sun"	"2015-04-30 09:43:46.0"	"Nepal"	"1"
"en_AUS_hersun_int"	"Herald Sun"	"2015-05-01 02:43:54.0"	"Nepal"	"4"
"en_AUS_hersun_int"	"Herald Sun"	"2015-05-10 04:46:21.0"	"Nepal"	"1"
"en_AUS_hersun_int"	"Herald Sun"	"2015-05-11 05:46:43.0"	"Nepal"	"1"
"en_AUS_hersun_int"	"Herald Sun"	"2015-05-12 14:47:10.0"	"Nepal"	"2"
"en_AUS_hersun_int"	"Herald Sun"	"2015-05-13 01:47:20.0"	"Nepal"	"3"
"en_AUS_hersun_int"	"Herald Sun"	"2015-05-14 02:47:41.0"	"Nepal"	"2"
"en_AUS_hersun_int"	"Herald Sun"	"2015-05-22 06:59:55.0"	"Nepal"	"1"
"en_AUS_hersun_int"	"Herald Sun"	"2014-01-19 23:26:31.0"	"Nauru"	"1"
"en_AUS_hersun_int"	"Herald Sun"	"2014-01-20 02:26:30.0"	"Nauru"	"1"
"en_AUS_hersun_int"	"Herald Sun"	"2014-01-28 11:53:30.0"	"Nauru"	"1"
"en_AUS_hersun_int"	"Herald Sun"	"2014-02-03 02:56:52.0"	"Nauru"	"1"
"en_AUS_hersun_int"	"Herald Sun"	"2014-02-07 07:21:25.0"	"Nauru"	"1"
"en_AUS_hersun_int"	"Herald Sun"	"2014-03-01 06:17:19.0"	"Nauru"	"1"
"en_AUS_hersun_int"	"Herald Sun"	"2014-03-05 07:39:10.0"	"Nauru"	"1"
"en_AUS_hersun_int"	"Herald Sun"	"2014-04-10 00:42:58.0"	"Nauru"	"1"
"en_AUS_hersun_int"	"Herald Sun"	"2014-04-29 04:18:40.0"	"Nauru"	"1"
"en_AUS_hersun_int"	"Herald Sun"	"2014-05-14 10:16:20.0"	"Nauru"	"1"
"en_AUS_hersun_int"	"Herald Sun"	"2014-05-21 00:55:06.0"	"Nauru"	"1"
"en_AUS_hersun_int"	"Herald Sun"	"2014-05-30 08:17:44.0"	"Nauru"	"2"
"en_AUS_hersun_int"	"Herald Sun"	"2014-06-05 08:21:31.0"	"Nauru"	"2"
"en_AUS_hersun_int"	"Herald Sun"	"2014-06-22 16:33:04.0"	"Nauru"	"1"
"en_AUS_hersun_int"	"Herald Sun"	"2014-08-01 09:36:49.0"	"Nauru"	"1"
"en_AUS_hersun_int"	"Herald Sun"	"2014-08-02 08:31:53.0"	"Nauru"	"1"
"en_AUS_hersun_int"	"Herald Sun"	"2014-08-14 07:10:38.0"	"Nauru"	"1"
"en_AUS_hersun_int"	"Herald Sun"	"2014-10-03 08:25:27.0"	"Nauru"	"1"
"en_AUS_hersun_int"	"Herald Sun"	"2014-10-04 05:26:19.0"	"Nauru"	"1"
"en_AUS_hersun_int"	"Herald Sun"	"2014-10-15 09:38:55.0"	"Nauru"	"1"
"en_AUS_hersun_int"	"Herald Sun"	"2014-11-06 04:06:48.0"	"Nauru"	"1"
"en_AUS_hersun_int"	"Herald Sun"	"2014-11-10 14:37:43.0"	"Nauru"	"1"
"en_AUS_hersun_int"	"Herald Sun"	"2014-11-18 05:43:32.0"	"Nauru"	"2"
"en_AUS_hersun_int"	"Herald Sun"	"2015-02-23 02:33:30.0"	"Nauru"	"1"
"en_AUS_hersun_int"	"Herald Sun"	"2015-02-25 01:02:10.0"	"Nauru"	"1"
"en_AUS_hersun_int"	"Herald Sun"	"2015-02-26 22:39:24.0"	"Nauru"	"1"
"en_AUS_hersun_int"	"Herald Sun"	"2015-03-05 01:39:36.0"	"Nauru"	"1"
"en_AUS_hersun_int"	"Herald Sun"	"2015-03-24 01:19:23.0"	"Nauru"	"1"
"en_AUS_hersun_int"	"Herald Sun"	"2015-04-16 02:37:06.0"	"Nauru"	"1"
"en_AUS_hersun_int"	"Herald Sun"	"2015-04-30 06:43:44.0"	"Nauru"	"2"
"en_AUS_hersun_int"	"Herald Sun"	"2015-05-13 10:47:26.0"	"Nauru"	"1"
"en_AUS_hersun_int"	"Herald Sun"	"2015-05-19 02:48:58.0"	"Nauru"	"3"
"en_AUS_hersun_int"	"Herald Sun"	"2015-05-26 23:17:48.0"	"Nauru"	"1"
"en_AUS_hersun_int"	"Herald Sun"	"2015-06-04 00:01:32.0"	"Nauru"	"1"
"en_AUS_hersun_int"	"Herald Sun"	"2015-06-09 08:57:04.0"	"Nauru"	"2"
"en_AUS_hersun_int"	"Herald Sun"	"2015-06-16 04:33:37.0"	"Nauru"	"2"
"en_AUS_hersun_int"	"Herald Sun"	"2015-06-20 10:34:49.0"	"Nauru"	"1"
"en_AUS_hersun_int"	"Herald Sun"	"2014-02-07 05:21:25.0"	"New Zealand"	"2"
"en_AUS_hersun_int"	"Herald Sun"	"2015-02-01 01:14:05.0"	"New Zealand"	"1"
"en_AUS_hersun_int"	"Herald Sun"	"2015-02-16 07:20:37.0"	"New Zealand"	"1"
"en_AUS_hersun_int"	"Herald Sun"	"2015-02-27 00:39:46.0"	"New Zealand"	"4"
"en_AUS_hersun_int"	"Herald Sun"	"2015-03-24 03:19:24.0"	"New Zealand"	"1"
"en_AUS_hersun_int"	"Herald Sun"	"2015-04-19 10:38:11.0"	"New Zealand"	"1"
"en_AUS_hersun_int"	"Herald Sun"	"2014-12-16 23:44:27.0"	"Pakistan"	"1"
"en_AUS_hersun_int"	"Herald Sun"	"2014-12-17 05:55:26.0"	"Pakistan"	"1"
"en_AUS_hersun_int"	"Herald Sun"	"2015-02-11 03:09:40.0"	"Pakistan"	"1"
"en_AUS_hersun_int"	"Herald Sun"	"2015-04-17 08:37:29.0"	"Panama"	"1"
"en_AUS_hersun_int"	"Herald Sun"	"2015-06-26 05:36:19.0"	"Panama"	"1"
"en_AUS_hersun_int"	"Herald Sun"	"2014-12-14 03:47:39.0"	"Peru"	"1"
"en_AUS_hersun_int"	"Herald Sun"	"2014-01-28 23:53:27.0"	"Philippines"	"1"
"en_AUS_hersun_int"	"Herald Sun"	"2014-01-29 02:53:27.0"	"Philippines"	"1"
"en_AUS_hersun_int"	"Herald Sun"	"2014-02-24 07:57:05.0"	"Philippines"	"1"
"en_AUS_hersun_int"	"Herald Sun"	"2014-08-08 08:10:41.0"	"Philippines"	"2"
"en_AUS_hersun_int"	"Herald Sun"	"2014-12-07 05:52:04.0"	"Philippines"	"1"
"en_AUS_hersun_int"	"Herald Sun"	"2015-02-04 01:21:17.0"	"Philippines"	"1"
"en_AUS_hersun_int"	"Herald Sun"	"2015-02-26 05:37:49.0"	"Philippines"	"1"
"en_AUS_hersun_int"	"Herald Sun"	"2014-01-15 03:51:24.0"	"Poland"	"2"
"en_AUS_hersun_int"	"Herald Sun"	"2014-01-16 03:26:41.0"	"Poland"	"1"
"en_AUS_hersun_int"	"Herald Sun"	"2014-01-19 22:26:32.0"	"Poland"	"1"
"en_AUS_hersun_int"	"Herald Sun"	"2014-01-27 03:53:36.0"	"Poland"	"1"
"en_AUS_hersun_int"	"Herald Sun"	"2014-02-25 06:58:09.0"	"Poland"	"1"
"en_AUS_hersun_int"	"Herald Sun"	"2014-04-01 09:20:32.0"	"Poland"	"1"
"en_AUS_hersun_int"	"Herald Sun"	"2014-04-04 07:47:18.0"	"Poland"	"1"
"en_AUS_hersun_int"	"Herald Sun"	"2014-05-10 03:15:16.0"	"Poland"	"1"
"en_AUS_hersun_int"	"Herald Sun"	"2014-06-07 16:17:51.0"	"Poland"	"1"
"en_AUS_hersun_int"	"Herald Sun"	"2014-08-15 08:11:00.0"	"Poland"	"1"
"en_AUS_hersun_int"	"Herald Sun"	"2014-09-27 18:16:06.0"	"Poland"	"1"
"en_AUS_hersun_int"	"Herald Sun"	"2014-11-02 06:04:46.0"	"Poland"	"1"
"en_AUS_hersun_int"	"Herald Sun"	"2015-01-17 21:57:59.0"	"Poland"	"1"
"en_AUS_hersun_int"	"Herald Sun"	"2015-02-05 05:13:50.0"	"Poland"	"1"
"en_AUS_hersun_int"	"Herald Sun"	"2015-02-07 20:27:34.0"	"Poland"	"1"
"en_AUS_hersun_int"	"Herald Sun"	"2015-03-24 01:19:23.0"	"Poland"	"1"
"en_AUS_hersun_int"	"Herald Sun"	"2015-04-13 10:36:10.0"	"Poland"	"1"
"en_AUS_hersun_int"	"Herald Sun"	"2015-04-22 09:05:47.0"	"Poland"	"1"
"en_AUS_hersun_int"	"Herald Sun"	"2015-05-15 01:47:55.0"	"Poland"	"1"
"en_AUS_hersun_int"	"Herald Sun"	"2015-05-25 23:17:36.0"	"Poland"	"1"
"en_AUS_hersun_int"	"Herald Sun"	"2014-02-20 00:53:12.0"	"North Korea"	"1"
"en_AUS_hersun_int"	"Herald Sun"	"2014-03-03 05:21:55.0"	"North Korea"	"2"
"en_AUS_hersun_int"	"Herald Sun"	"2014-05-28 09:16:29.0"	"North Korea"	"1"
"en_AUS_hersun_int"	"Herald Sun"	"2014-02-05 09:01:18.0"	"Saudi Arabia"	"1"
"en_AUS_hersun_int"	"Herald Sun"	"2014-04-28 01:18:40.0"	"Saudi Arabia"	"1"
"en_AUS_hersun_int"	"Herald Sun"	"2014-09-12 13:34:29.0"	"Saudi Arabia"	"1"
"en_AUS_hersun_int"	"Herald Sun"	"2014-11-04 05:11:09.0"	"Saudi Arabia"	"1"
"en_AUS_hersun_int"	"Herald Sun"	"2014-01-06 00:42:05.0"	"Sudan"	"1"
"en_AUS_hersun_int"	"Herald Sun"	"2014-04-12 02:43:22.0"	"Sudan"	"2"
"en_AUS_hersun_int"	"Herald Sun"	"2014-06-03 00:17:20.0"	"Sudan"	"1"
"en_AUS_hersun_int"	"Herald Sun"	"2015-04-02 07:22:02.0"	"Sudan"	"1"
"en_AUS_hersun_int"	"Herald Sun"	"2014-02-17 09:50:01.0"	"Singapore"	"1"
"en_AUS_hersun_int"	"Herald Sun"	"2014-08-14 06:15:47.0"	"Singapore"	"1"
"en_AUS_hersun_int"	"Herald Sun"	"2015-04-17 03:38:00.0"	"Singapore"	"1"
"en_AUS_hersun_int"	"Herald Sun"	"2015-06-21 23:35:13.0"	"Singapore"	"1"
"en_AUS_hersun_int"	"Herald Sun"	"2014-11-16 21:43:05.0"	"Solomon Islands"	"1"
"en_AUS_hersun_int"	"Herald Sun"	"2014-11-19 06:07:55.0"	"Solomon Islands"	"1"
"en_AUS_hersun_int"	"Herald Sun"	"2014-10-02 00:24:22.0"	"Sierra Leone"	"1"
"en_AUS_hersun_int"	"Herald Sun"	"2014-10-03 05:17:35.0"	"Sierra Leone"	"1"
"en_AUS_hersun_int"	"Herald Sun"	"2014-01-10 01:48:46.0"	"Somalia"	"1"
"en_AUS_hersun_int"	"Herald Sun"	"2014-03-10 10:27:29.0"	"Somalia"	"1"
"en_AUS_hersun_int"	"Herald Sun"	"2015-06-08 22:57:43.0"	"Serbia"	"3"
"en_AUS_hersun_int"	"Herald Sun"	"2014-01-06 00:42:05.0"	"South Sudan"	"1"
"en_AUS_hersun_int"	"Herald Sun"	"2014-04-12 02:43:22.0"	"South Sudan"	"2"
"en_AUS_hersun_int"	"Herald Sun"	"2015-04-02 07:22:02.0"	"South Sudan"	"1"
"en_AUS_hersun_int"	"Herald Sun"	"2015-02-25 09:02:19.0"	"Sweden"	"1"
"en_AUS_hersun_int"	"Herald Sun"	"2014-01-16 01:26:40.0"	"Syria"	"2"
"en_AUS_hersun_int"	"Herald Sun"	"2014-01-17 14:26:41.0"	"Syria"	"1"
"en_AUS_hersun_int"	"Herald Sun"	"2014-02-23 22:54:35.0"	"Syria"	"1"
"en_AUS_hersun_int"	"Herald Sun"	"2014-04-09 02:42:31.0"	"Syria"	"1"
"en_AUS_hersun_int"	"Herald Sun"	"2014-05-23 00:55:38.0"	"Syria"	"1"
"en_AUS_hersun_int"	"Herald Sun"	"2014-07-28 07:11:36.0"	"Syria"	"1"
"en_AUS_hersun_int"	"Herald Sun"	"2014-08-11 01:09:29.0"	"Syria"	"1"
"en_AUS_hersun_int"	"Herald Sun"	"2014-09-13 05:34:39.0"	"Syria"	"1"
"en_AUS_hersun_int"	"Herald Sun"	"2014-09-17 09:36:49.0"	"Syria"	"1"
"en_AUS_hersun_int"	"Herald Sun"	"2014-10-02 06:23:49.0"	"Syria"	"3"
"en_AUS_hersun_int"	"Herald Sun"	"2014-11-09 00:37:04.0"	"Syria"	"1"
"en_AUS_hersun_int"	"Herald Sun"	"2014-11-22 08:12:10.0"	"Syria"	"1"
"en_AUS_hersun_int"	"Herald Sun"	"2014-12-02 03:44:28.0"	"Syria"	"1"
"en_AUS_hersun_int"	"Herald Sun"	"2014-12-05 03:51:11.0"	"Syria"	"1"
"en_AUS_hersun_int"	"Herald Sun"	"2015-03-25 02:20:18.0"	"Syria"	"1"
"en_AUS_hersun_int"	"Herald Sun"	"2015-04-17 00:37:33.0"	"Syria"	"1"
"en_AUS_hersun_int"	"Herald Sun"	"2015-05-15 09:48:04.0"	"Syria"	"1"
"en_AUS_hersun_int"	"Herald Sun"	"2014-01-10 06:46:07.0"	"Thailand"	"1"
"en_AUS_hersun_int"	"Herald Sun"	"2014-03-18 00:20:25.0"	"Thailand"	"1"
"en_AUS_hersun_int"	"Herald Sun"	"2014-05-22 23:55:37.0"	"Thailand"	"1"
"en_AUS_hersun_int"	"Herald Sun"	"2014-05-23 05:55:42.0"	"Thailand"	"3"
"en_AUS_hersun_int"	"Herald Sun"	"2014-07-02 02:58:21.0"	"Thailand"	"2"
"en_AUS_hersun_int"	"Herald Sun"	"2014-09-30 07:16:46.0"	"Thailand"	"1"
"en_AUS_hersun_int"	"Herald Sun"	"2014-02-12 08:40:12.0"	"Timor-Leste"	"1"
"en_AUS_hersun_int"	"Herald Sun"	"2014-04-03 08:47:02.0"	"Timor-Leste"	"1"
"en_AUS_hersun_int"	"Herald Sun"	"2015-06-05 02:02:21.0"	"Timor-Leste"	"1"
"en_AUS_hersun_int"	"Herald Sun"	"2014-05-14 10:16:20.0"	"Tonga"	"1"
"en_AUS_hersun_int"	"Herald Sun"	"2015-06-26 03:36:18.0"	"Tonga"	"1"
"en_AUS_hersun_int"	"Herald Sun"	"2015-03-19 03:40:35.0"	"Tunisia"	"2"
"en_AUS_hersun_int"	"Herald Sun"	"2014-11-14 09:38:53.0"	"Turkey"	"1"
"en_AUS_hersun_int"	"Herald Sun"	"2015-04-12 02:25:52.0"	"Turkey"	"1"
"en_AUS_hersun_int"	"Herald Sun"	"2015-04-20 00:38:22.0"	"Turkey"	"1"
"en_AUS_hersun_int"	"Herald Sun"	"2015-04-22 23:05:59.0"	"Turkey"	"1"
"en_AUS_hersun_int"	"Herald Sun"	"2015-04-24 10:06:25.0"	"Turkey"	"1"
"en_AUS_hersun_int"	"Herald Sun"	"2015-06-18 10:34:18.0"	"Turkey"	"1"
"en_AUS_hersun_int"	"Herald Sun"	"2015-06-24 02:35:46.0"	"Turkey"	"1"
"en_AUS_hersun_int"	"Herald Sun"	"2014-07-24 01:06:31.0"	"Taiwan"	"1"
"en_AUS_hersun_int"	"Herald Sun"	"2014-11-02 03:08:15.0"	"Taiwan"	"1"
"en_AUS_hersun_int"	"Herald Sun"	"2015-06-30 07:37:19.0"	"Taiwan"	"1"
"en_AUS_hersun_int"	"Herald Sun"	"2014-02-27 07:09:01.0"	"Uganda"	"1"
"en_AUS_hersun_int"	"Herald Sun"	"2014-11-06 04:06:48.0"	"Uganda"	"1"
"en_AUS_hersun_int"	"Herald Sun"	"2014-03-01 14:17:20.0"	"Ukraine"	"1"
"en_AUS_hersun_int"	"Herald Sun"	"2014-03-04 21:21:57.0"	"Ukraine"	"1"
"en_AUS_hersun_int"	"Herald Sun"	"2014-03-05 02:22:01.0"	"Ukraine"	"2"
"en_AUS_hersun_int"	"Herald Sun"	"2014-03-19 05:20:50.0"	"Ukraine"	"1"
"en_AUS_hersun_int"	"Herald Sun"	"2014-06-22 00:30:16.0"	"Ukraine"	"1"
"en_AUS_hersun_int"	"Herald Sun"	"2014-07-18 06:19:00.0"	"Ukraine"	"1"
"en_AUS_hersun_int"	"Herald Sun"	"2014-07-19 06:19:15.0"	"Ukraine"	"2"
"en_AUS_hersun_int"	"Herald Sun"	"2014-07-24 10:06:37.0"	"Ukraine"	"2"
"en_AUS_hersun_int"	"Herald Sun"	"2014-07-28 10:11:51.0"	"Ukraine"	"1"
"en_AUS_hersun_int"	"Herald Sun"	"2014-07-31 13:31:27.0"	"Ukraine"	"1"
"en_AUS_hersun_int"	"Herald Sun"	"2014-08-31 03:55:49.0"	"Ukraine"	"1"
"en_AUS_hersun_int"	"Herald Sun"	"2014-10-13 01:21:43.0"	"Ukraine"	"1"
"en_AUS_hersun_int"	"Herald Sun"	"2014-11-06 06:06:49.0"	"Ukraine"	"1"
"en_AUS_hersun_int"	"Herald Sun"	"2014-11-12 06:38:15.0"	"Ukraine"	"1"
"en_AUS_hersun_int"	"Herald Sun"	"2014-11-15 06:42:36.0"	"Ukraine"	"1"
"en_AUS_hersun_int"	"Herald Sun"	"2014-11-16 01:42:50.0"	"Ukraine"	"2"
"en_AUS_hersun_int"	"Herald Sun"	"2014-12-11 01:40:16.0"	"Ukraine"	"2"
"en_AUS_hersun_int"	"Herald Sun"	"2014-12-12 04:40:36.0"	"Ukraine"	"1"
"en_AUS_hersun_int"	"Herald Sun"	"2015-02-04 23:13:45.0"	"Ukraine"	"1"
"en_AUS_hersun_int"	"Herald Sun"	"2014-01-05 06:42:06.0"	"United States of America"	"1"
"en_AUS_hersun_int"	"Herald Sun"	"2014-01-09 01:46:10.0"	"United States of America"	"1"
"en_AUS_hersun_int"	"Herald Sun"	"2014-01-11 08:48:25.0"	"United States of America"	"1"
"en_AUS_hersun_int"	"Herald Sun"	"2014-01-12 02:48:22.0"	"United States of America"	"1"
"en_AUS_hersun_int"	"Herald Sun"	"2014-01-30 09:53:39.0"	"United States of America"	"1"
"en_AUS_hersun_int"	"Herald Sun"	"2014-02-12 09:40:05.0"	"United States of America"	"1"
"en_AUS_hersun_int"	"Herald Sun"	"2014-02-16 04:46:58.0"	"United States of America"	"2"
"en_AUS_hersun_int"	"Herald Sun"	"2014-02-17 06:50:00.0"	"United States of America"	"1"
"en_AUS_hersun_int"	"Herald Sun"	"2014-02-22 01:57:20.0"	"United States of America"	"1"
"en_AUS_hersun_int"	"Herald Sun"	"2014-03-07 04:40:41.0"	"United States of America"	"1"
"en_AUS_hersun_int"	"Herald Sun"	"2014-03-12 06:42:26.0"	"United States of America"	"1"
"en_AUS_hersun_int"	"Herald Sun"	"2014-03-13 04:37:22.0"	"United States of America"	"1"
"en_AUS_hersun_int"	"Herald Sun"	"2014-03-17 05:20:11.0"	"United States of America"	"2"
"en_AUS_hersun_int"	"Herald Sun"	"2014-03-18 14:20:41.0"	"United States of America"	"2"
"en_AUS_hersun_int"	"Herald Sun"	"2014-03-25 07:17:34.0"	"United States of America"	"1"
"en_AUS_hersun_int"	"Herald Sun"	"2014-03-26 05:17:47.0"	"United States of America"	"1"
"en_AUS_hersun_int"	"Herald Sun"	"2014-04-02 02:46:40.0"	"United States of America"	"1"
"en_AUS_hersun_int"	"Herald Sun"	"2014-04-15 04:46:19.0"	"United States of America"	"2"
"en_AUS_hersun_int"	"Herald Sun"	"2014-04-16 23:46:45.0"	"United States of America"	"1"
"en_AUS_hersun_int"	"Herald Sun"	"2014-04-22 08:48:46.0"	"United States of America"	"1"
"en_AUS_hersun_int"	"Herald Sun"	"2014-04-28 11:18:39.0"	"United States of America"	"2"
"en_AUS_hersun_int"	"Herald Sun"	"2014-04-29 02:18:39.0"	"United States of America"	"1"
"en_AUS_hersun_int"	"Herald Sun"	"2014-05-05 09:34:22.0"	"United States of America"	"1"
"en_AUS_hersun_int"	"Herald Sun"	"2014-05-14 08:16:18.0"	"United States of America"	"1"
"en_AUS_hersun_int"	"Herald Sun"	"2014-05-23 05:13:38.0"	"United States of America"	"1"
"en_AUS_hersun_int"	"Herald Sun"	"2014-05-28 05:57:21.0"	"United States of America"	"1"
"en_AUS_hersun_int"	"Herald Sun"	"2014-05-29 00:17:17.0"	"United States of America"	"1"
"en_AUS_hersun_int"	"Herald Sun"	"2014-06-03 03:17:23.0"	"United States of America"	"3"
"en_AUS_hersun_int"	"Herald Sun"	"2014-06-06 04:17:29.0"	"United States of America"	"1"
"en_AUS_hersun_int"	"Herald Sun"	"2014-06-11 01:18:41.0"	"United States of America"	"1"
"en_AUS_hersun_int"	"Herald Sun"	"2014-06-12 00:19:00.0"	"United States of America"	"1"
"en_AUS_hersun_int"	"Herald Sun"	"2014-06-13 03:24:08.0"	"United States of America"	"1"
"en_AUS_hersun_int"	"Herald Sun"	"2014-06-25 10:56:15.0"	"United States of America"	"2"
"en_AUS_hersun_int"	"Herald Sun"	"2014-06-26 09:56:32.0"	"United States of America"	"1"
"en_AUS_hersun_int"	"Herald Sun"	"2014-06-30 06:57:41.0"	"United States of America"	"1"
"en_AUS_hersun_int"	"Herald Sun"	"2014-07-01 04:58:02.0"	"United States of America"	"1"
"en_AUS_hersun_int"	"Herald Sun"	"2014-07-04 06:59:13.0"	"United States of America"	"1"
"en_AUS_hersun_int"	"Herald Sun"	"2014-07-22 06:21:49.0"	"United States of America"	"2"
"en_AUS_hersun_int"	"Herald Sun"	"2014-07-24 10:06:37.0"	"United States of America"	"1"
"en_AUS_hersun_int"	"Herald Sun"	"2014-07-31 10:35:40.0"	"United States of America"	"1"
"en_AUS_hersun_int"	"Herald Sun"	"2014-08-07 07:41:49.0"	"United States of America"	"1"
"en_AUS_hersun_int"	"Herald Sun"	"2014-08-08 06:08:37.0"	"United States of America"	"1"
"en_AUS_hersun_int"	"Herald Sun"	"2014-08-09 08:11:42.0"	"United States of America"	"1"
"en_AUS_hersun_int"	"Herald Sun"	"2014-08-11 08:09:37.0"	"United States of America"	"2"
"en_AUS_hersun_int"	"Herald Sun"	"2014-08-12 06:14:14.0"	"United States of America"	"3"
"en_AUS_hersun_int"	"Herald Sun"	"2014-08-27 10:33:16.0"	"United States of America"	"1"
"en_AUS_hersun_int"	"Herald Sun"	"2014-09-04 08:03:34.0"	"United States of America"	"1"
"en_AUS_hersun_int"	"Herald Sun"	"2014-09-10 00:27:49.0"	"United States of America"	"1"
"en_AUS_hersun_int"	"Herald Sun"	"2014-09-11 00:34:02.0"	"United States of America"	"1"
"en_AUS_hersun_int"	"Herald Sun"	"2014-09-12 06:34:23.0"	"United States of America"	"1"
"en_AUS_hersun_int"	"Herald Sun"	"2014-09-21 23:38:53.0"	"United States of America"	"1"
"en_AUS_hersun_int"	"Herald Sun"	"2014-09-24 02:03:27.0"	"United States of America"	"1"
"en_AUS_hersun_int"	"Herald Sun"	"2014-09-26 02:39:20.0"	"United States of America"	"1"
"en_AUS_hersun_int"	"Herald Sun"	"2014-09-29 05:16:28.0"	"United States of America"	"1"
"en_AUS_hersun_int"	"Herald Sun"	"2014-10-03 08:17:36.0"	"United States of America"	"1"
"en_AUS_hersun_int"	"Herald Sun"	"2014-10-10 06:20:38.0"	"United States of America"	"2"
"en_AUS_hersun_int"	"Herald Sun"	"2014-10-22 00:21:03.0"	"United States of America"	"1"
"en_AUS_hersun_int"	"Herald Sun"	"2014-11-05 03:12:36.0"	"United States of America"	"1"
"en_AUS_hersun_int"	"Herald Sun"	"2014-11-07 03:36:36.0"	"United States of America"	"1"
"en_AUS_hersun_int"	"Herald Sun"	"2014-11-12 08:45:32.0"	"United States of America"	"3"
"en_AUS_hersun_int"	"Herald Sun"	"2014-11-13 11:38:37.0"	"United States of America"	"2"
"en_AUS_hersun_int"	"Herald Sun"	"2014-11-14 02:49:22.0"	"United States of America"	"4"
"en_AUS_hersun_int"	"Herald Sun"	"2014-11-15 04:42:34.0"	"United States of America"	"5"
"en_AUS_hersun_int"	"Herald Sun"	"2014-11-16 01:42:50.0"	"United States of America"	"4"
"en_AUS_hersun_int"	"Herald Sun"	"2014-11-17 06:43:11.0"	"United States of America"	"1"
"en_AUS_hersun_int"	"Herald Sun"	"2014-11-20 22:45:04.0"	"United States of America"	"1"
"en_AUS_hersun_int"	"Herald Sun"	"2014-12-01 22:45:57.0"	"United States of America"	"1"
"en_AUS_hersun_int"	"Herald Sun"	"2014-12-03 23:50:31.0"	"United States of America"	"1"
"en_AUS_hersun_int"	"Herald Sun"	"2014-12-05 03:51:11.0"	"United States of America"	"1"
"en_AUS_hersun_int"	"Herald Sun"	"2014-12-18 20:45:29.0"	"United States of America"	"1"
"en_AUS_hersun_int"	"Herald Sun"	"2015-01-12 06:54:26.0"	"United States of America"	"1"
"en_AUS_hersun_int"	"Herald Sun"	"2015-01-20 01:02:54.0"	"United States of America"	"1"
"en_AUS_hersun_int"	"Herald Sun"	"2015-01-27 09:01:25.0"	"United States of America"	"1"
"en_AUS_hersun_int"	"Herald Sun"	"2015-01-30 01:09:09.0"	"United States of America"	"1"
"en_AUS_hersun_int"	"Herald Sun"	"2015-01-31 00:09:59.0"	"United States of America"	"1"
"en_AUS_hersun_int"	"Herald Sun"	"2015-02-08 04:47:55.0"	"United States of America"	"1"
"en_AUS_hersun_int"	"Herald Sun"	"2015-02-11 01:09:39.0"	"United States of America"	"1"
"en_AUS_hersun_int"	"Herald Sun"	"2015-02-23 02:33:30.0"	"United States of America"	"1"
"en_AUS_hersun_int"	"Herald Sun"	"2015-02-24 01:01:59.0"	"United States of America"	"1"
"en_AUS_hersun_int"	"Herald Sun"	"2015-03-05 02:40:35.0"	"United States of America"	"1"
"en_AUS_hersun_int"	"Herald Sun"	"2015-03-11 04:41:36.0"	"United States of America"	"1"
"en_AUS_hersun_int"	"Herald Sun"	"2015-03-23 02:41:02.0"	"United States of America"	"2"
"en_AUS_hersun_int"	"Herald Sun"	"2015-04-08 05:24:33.0"	"United States of America"	"1"
"en_AUS_hersun_int"	"Herald Sun"	"2015-04-16 02:37:06.0"	"United States of America"	"1"
"en_AUS_hersun_int"	"Herald Sun"	"2015-04-17 01:38:00.0"	"United States of America"	"1"
"en_AUS_hersun_int"	"Herald Sun"	"2015-04-19 02:38:03.0"	"United States of America"	"1"
"en_AUS_hersun_int"	"Herald Sun"	"2015-04-21 01:38:41.0"	"United States of America"	"1"
"en_AUS_hersun_int"	"Herald Sun"	"2015-04-24 09:06:25.0"	"United States of America"	"1"
"en_AUS_hersun_int"	"Herald Sun"	"2015-04-25 06:06:41.0"	"United States of America"	"1"
"en_AUS_hersun_int"	"Herald Sun"	"2015-04-27 05:07:21.0"	"United States of America"	"2"
"en_AUS_hersun_int"	"Herald Sun"	"2015-04-28 03:42:26.0"	"United States of America"	"1"
"en_AUS_hersun_int"	"Herald Sun"	"2015-04-29 09:42:50.0"	"United States of America"	"1"
"en_AUS_hersun_int"	"Herald Sun"	"2015-05-03 22:44:32.0"	"United States of America"	"1"
"en_AUS_hersun_int"	"Herald Sun"	"2015-05-15 00:47:57.0"	"United States of America"	"3"
"en_AUS_hersun_int"	"Herald Sun"	"2015-05-20 02:27:48.0"	"United States of America"	"1"
"en_AUS_hersun_int"	"Herald Sun"	"2015-05-30 00:20:17.0"	"United States of America"	"1"
"en_AUS_hersun_int"	"Herald Sun"	"2015-06-10 23:58:13.0"	"United States of America"	"1"
"en_AUS_hersun_int"	"Herald Sun"	"2015-06-11 01:57:22.0"	"United States of America"	"1"
"en_AUS_hersun_int"	"Herald Sun"	"2015-06-12 11:32:41.0"	"United States of America"	"1"
"en_AUS_hersun_int"	"Herald Sun"	"2015-06-13 04:32:51.0"	"United States of America"	"3"
"en_AUS_hersun_int"	"Herald Sun"	"2015-06-16 03:33:36.0"	"United States of America"	"1"
"en_AUS_hersun_int"	"Herald Sun"	"2015-06-19 01:34:28.0"	"United States of America"	"2"
"en_AUS_hersun_int"	"Herald Sun"	"2015-06-20 08:34:48.0"	"United States of America"	"1"
"en_AUS_hersun_int"	"Herald Sun"	"2015-06-27 03:36:30.0"	"United States of America"	"3"
"en_AUS_hersun_int"	"Herald Sun"	"2015-06-30 04:37:16.0"	"United States of America"	"1"
"en_AUS_hersun_int"	"Herald Sun"	"2014-01-17 08:26:41.0"	"Vatican"	"1"
"en_AUS_hersun_int"	"Herald Sun"	"2014-07-05 00:59:27.0"	"Vatican"	"1"
"en_AUS_hersun_int"	"Herald Sun"	"2014-07-06 03:59:52.0"	"Vatican"	"1"
"en_AUS_hersun_int"	"Herald Sun"	"2014-08-21 13:25:26.0"	"Vatican"	"1"
"en_AUS_hersun_int"	"Herald Sun"	"2014-11-11 23:38:06.0"	"Vatican"	"1"
"en_AUS_hersun_int"	"Herald Sun"	"2015-06-19 02:34:29.0"	"Vatican"	"4"
"en_AUS_hersun_int"	"Herald Sun"	"2014-01-17 05:26:40.0"	"Vietnam"	"1"
"en_AUS_hersun_int"	"Herald Sun"	"2014-06-08 09:18:00.0"	"Vietnam"	"1"
"en_AUS_hersun_int"	"Herald Sun"	"2015-04-20 23:38:40.0"	"Vietnam"	"1"
"en_AUS_hersun_int"	"Herald Sun"	"2015-05-25 23:18:27.0"	"Vietnam"	"1"
"en_AUS_hersun_int"	"Herald Sun"	"2014-10-27 10:23:23.0"	"Vanuatu"	"1"
"en_AUS_hersun_int"	"Herald Sun"	"2015-03-10 00:41:13.0"	"Vanuatu"	"1"
"en_AUS_hersun_int"	"Herald Sun"	"2015-03-13 07:32:09.0"	"Vanuatu"	"1"
"en_AUS_hersun_int"	"Herald Sun"	"2015-03-14 21:32:36.0"	"Vanuatu"	"2"
"en_AUS_hersun_int"	"Herald Sun"	"2015-03-15 00:32:38.0"	"Vanuatu"	"10"
"en_AUS_hersun_int"	"Herald Sun"	"2015-03-16 05:33:01.0"	"Vanuatu"	"2"
"en_AUS_hersun_int"	"Herald Sun"	"2015-03-17 04:33:22.0"	"Vanuatu"	"1"
"en_AUS_hersun_int"	"Herald Sun"	"2015-03-18 04:33:55.0"	"Vanuatu"	"1"
"en_AUS_hersun_int"	"Herald Sun"	"2015-03-21 06:40:26.0"	"Vanuatu"	"2"
"en_AUS_hersun_int"	"Herald Sun"	"2015-03-22 03:40:43.0"	"Vanuatu"	"3"
"en_AUS_hersun_int"	"Herald Sun"	"2015-04-13 07:37:00.0"	"Vanuatu"	"1"
"en_AUS_hersun_int"	"Herald Sun"	"2015-04-16 02:37:06.0"	"Vanuatu"	"1"
"en_AUS_hersun_int"	"Herald Sun"	"2014-08-31 18:56:01.0"	"Samoa"	"1"
"en_AUS_hersun_int"	"Herald Sun"	"2015-04-12 06:25:58.0"	"Yemen"	"1"
"en_AUS_hersun_int"	"Herald Sun"	"2015-06-08 14:56:52.0"	"Yemen"	"1"
"en_AUS_hersun_int"	"Herald Sun"	"2014-08-12 03:14:03.0"	"Zimbabwe"	"1"
