"fr_DZA_elwata_int"	"El Watan"	"2014-01-05 10:41:44.0"	"Afghanistan"	"1"
"fr_DZA_elwata_int"	"El Watan"	"2014-04-06 11:47:11.0"	"Afghanistan"	"2"
"fr_DZA_elwata_int"	"El Watan"	"2014-04-27 11:19:44.0"	"Afghanistan"	"1"
"fr_DZA_elwata_int"	"El Watan"	"2014-05-03 11:23:29.0"	"Afghanistan"	"1"
"fr_DZA_elwata_int"	"El Watan"	"2014-05-13 11:15:51.0"	"Afghanistan"	"1"
"fr_DZA_elwata_int"	"El Watan"	"2014-10-01 11:17:27.0"	"Afghanistan"	"1"
"fr_DZA_elwata_int"	"El Watan"	"2014-11-13 10:38:16.0"	"Afghanistan"	"1"
"fr_DZA_elwata_int"	"El Watan"	"2014-11-28 10:45:46.0"	"Afghanistan"	"1"
"fr_DZA_elwata_int"	"El Watan"	"2015-03-24 10:20:40.0"	"Afghanistan"	"1"
"fr_DZA_elwata_int"	"El Watan"	"2014-08-22 11:26:29.0"	"United Arab Emirates"	"1"
"fr_DZA_elwata_int"	"El Watan"	"2015-03-13 10:34:45.0"	"Argentina"	"1"
"fr_DZA_elwata_int"	"El Watan"	"2015-04-25 00:06:46.0"	"Argentina"	"1"
"fr_DZA_elwata_int"	"El Watan"	"2015-05-04 11:43:34.0"	"Argentina"	"2"
"fr_DZA_elwata_int"	"El Watan"	"2014-11-15 10:43:56.0"	"Australia"	"1"
"fr_DZA_elwata_int"	"El Watan"	"2015-04-27 00:06:55.0"	"Burundi"	"1"
"fr_DZA_elwata_int"	"El Watan"	"2015-05-12 11:44:06.0"	"Burundi"	"1"
"fr_DZA_elwata_int"	"El Watan"	"2015-05-14 11:44:15.0"	"Burundi"	"1"
"fr_DZA_elwata_int"	"El Watan"	"2015-05-15 11:44:19.0"	"Burundi"	"1"
"fr_DZA_elwata_int"	"El Watan"	"2015-05-30 11:22:25.0"	"Burundi"	"1"
"fr_DZA_elwata_int"	"El Watan"	"2014-01-14 10:47:43.0"	"Belgium"	"1"
"fr_DZA_elwata_int"	"El Watan"	"2014-02-24 10:55:47.0"	"Belgium"	"1"
"fr_DZA_elwata_int"	"El Watan"	"2014-09-22 11:37:03.0"	"Belgium"	"1"
"fr_DZA_elwata_int"	"El Watan"	"2015-05-18 11:44:31.0"	"Belgium"	"1"
"fr_DZA_elwata_int"	"El Watan"	"2015-06-18 11:34:06.0"	"Belgium"	"1"
"fr_DZA_elwata_int"	"El Watan"	"2015-06-27 00:34:38.0"	"Belgium"	"1"
"fr_DZA_elwata_int"	"El Watan"	"2014-10-30 11:04:58.0"	"Benin"	"1"
"fr_DZA_elwata_int"	"El Watan"	"2014-10-30 11:04:58.0"	"Burkina Faso"	"1"
"fr_DZA_elwata_int"	"El Watan"	"2014-10-31 11:05:26.0"	"Burkina Faso"	"2"
"fr_DZA_elwata_int"	"El Watan"	"2014-11-02 11:05:35.0"	"Burkina Faso"	"1"
"fr_DZA_elwata_int"	"El Watan"	"2014-11-17 10:43:58.0"	"Burkina Faso"	"1"
"fr_DZA_elwata_int"	"El Watan"	"2014-11-18 10:44:03.0"	"Burkina Faso"	"1"
"fr_DZA_elwata_int"	"El Watan"	"2014-11-20 10:44:11.0"	"Burkina Faso"	"1"
"fr_DZA_elwata_int"	"El Watan"	"2014-12-27 11:00:04.0"	"Burkina Faso"	"1"
"fr_DZA_elwata_int"	"El Watan"	"2015-04-09 11:21:58.0"	"Burkina Faso"	"1"
"fr_DZA_elwata_int"	"El Watan"	"2014-09-01 11:58:53.0"	"Bahrain"	"1"
"fr_DZA_elwata_int"	"El Watan"	"2014-12-28 11:00:08.0"	"Bahrain"	"1"
"fr_DZA_elwata_int"	"El Watan"	"2014-12-30 11:00:17.0"	"Bahrain"	"1"
"fr_DZA_elwata_int"	"El Watan"	"2015-02-01 10:10:29.0"	"Bahrain"	"1"
"fr_DZA_elwata_int"	"El Watan"	"2014-08-31 11:58:49.0"	"Belarus"	"1"
"fr_DZA_elwata_int"	"El Watan"	"2015-02-14 10:11:30.0"	"Bolivia"	"1"
"fr_DZA_elwata_int"	"El Watan"	"2015-02-17 10:11:42.0"	"Bolivia"	"1"
"fr_DZA_elwata_int"	"El Watan"	"2015-06-27 11:34:38.0"	"Bolivia"	"1"
"fr_DZA_elwata_int"	"El Watan"	"2014-06-22 00:30:16.0"	"Brazil"	"1"
"fr_DZA_elwata_int"	"El Watan"	"2014-09-11 00:36:12.0"	"Brazil"	"1"
"fr_DZA_elwata_int"	"El Watan"	"2014-10-06 11:17:46.0"	"Brazil"	"1"
"fr_DZA_elwata_int"	"El Watan"	"2014-10-07 11:17:51.0"	"Brazil"	"1"
"fr_DZA_elwata_int"	"El Watan"	"2014-10-28 10:21:18.0"	"Brazil"	"1"
"fr_DZA_elwata_int"	"El Watan"	"2014-01-05 10:41:44.0"	"Central African Republic"	"1"
"fr_DZA_elwata_int"	"El Watan"	"2014-01-10 10:56:30.0"	"Central African Republic"	"1"
"fr_DZA_elwata_int"	"El Watan"	"2014-01-19 10:25:59.0"	"Central African Republic"	"1"
"fr_DZA_elwata_int"	"El Watan"	"2014-01-24 10:26:06.0"	"Central African Republic"	"1"
"fr_DZA_elwata_int"	"El Watan"	"2014-02-01 10:27:06.0"	"Central African Republic"	"1"
"fr_DZA_elwata_int"	"El Watan"	"2014-02-02 10:42:36.0"	"Central African Republic"	"1"
"fr_DZA_elwata_int"	"El Watan"	"2014-02-07 10:21:17.0"	"Central African Republic"	"1"
"fr_DZA_elwata_int"	"El Watan"	"2014-02-09 10:21:55.0"	"Central African Republic"	"1"
"fr_DZA_elwata_int"	"El Watan"	"2014-02-10 10:21:58.0"	"Central African Republic"	"1"
"fr_DZA_elwata_int"	"El Watan"	"2014-02-19 13:55:54.0"	"Central African Republic"	"1"
"fr_DZA_elwata_int"	"El Watan"	"2014-05-15 11:10:16.0"	"Central African Republic"	"1"
"fr_DZA_elwata_int"	"El Watan"	"2014-07-23 11:21:59.0"	"Central African Republic"	"1"
"fr_DZA_elwata_int"	"El Watan"	"2015-01-16 10:58:26.0"	"Central African Republic"	"1"
"fr_DZA_elwata_int"	"El Watan"	"2014-02-19 13:55:54.0"	"Canada"	"1"
"fr_DZA_elwata_int"	"El Watan"	"2014-03-10 10:16:52.0"	"Canada"	"2"
"fr_DZA_elwata_int"	"El Watan"	"2014-03-13 00:35:09.0"	"Canada"	"1"
"fr_DZA_elwata_int"	"El Watan"	"2014-03-21 15:16:32.0"	"Canada"	"1"
"fr_DZA_elwata_int"	"El Watan"	"2014-03-26 18:16:59.0"	"Canada"	"1"
"fr_DZA_elwata_int"	"El Watan"	"2014-04-03 17:46:55.0"	"Canada"	"1"
"fr_DZA_elwata_int"	"El Watan"	"2014-04-04 21:47:01.0"	"Canada"	"1"
"fr_DZA_elwata_int"	"El Watan"	"2014-04-07 11:47:16.0"	"Canada"	"1"
"fr_DZA_elwata_int"	"El Watan"	"2014-04-08 13:17:41.0"	"Canada"	"3"
"fr_DZA_elwata_int"	"El Watan"	"2014-08-14 11:10:28.0"	"Canada"	"1"
"fr_DZA_elwata_int"	"El Watan"	"2014-10-14 11:18:15.0"	"Canada"	"1"
"fr_DZA_elwata_int"	"El Watan"	"2014-10-24 11:21:02.0"	"Canada"	"1"
"fr_DZA_elwata_int"	"El Watan"	"2014-10-25 11:21:06.0"	"Canada"	"1"
"fr_DZA_elwata_int"	"El Watan"	"2014-12-02 10:45:54.0"	"Canada"	"1"
"fr_DZA_elwata_int"	"El Watan"	"2015-01-06 10:16:58.0"	"Canada"	"1"
"fr_DZA_elwata_int"	"El Watan"	"2015-01-13 10:58:18.0"	"Canada"	"1"
"fr_DZA_elwata_int"	"El Watan"	"2015-01-26 23:02:57.0"	"Canada"	"1"
"fr_DZA_elwata_int"	"El Watan"	"2015-03-28 14:21:00.0"	"Canada"	"2"
"fr_DZA_elwata_int"	"El Watan"	"2015-06-12 20:33:28.0"	"Canada"	"1"
"fr_DZA_elwata_int"	"El Watan"	"2015-06-14 11:33:40.0"	"Canada"	"1"
"fr_DZA_elwata_int"	"El Watan"	"2015-06-21 11:34:16.0"	"Canada"	"1"
"fr_DZA_elwata_int"	"El Watan"	"2014-01-10 10:56:30.0"	"Switzerland"	"1"
"fr_DZA_elwata_int"	"El Watan"	"2014-01-13 11:47:24.0"	"Switzerland"	"1"
"fr_DZA_elwata_int"	"El Watan"	"2014-01-21 10:25:36.0"	"Switzerland"	"1"
"fr_DZA_elwata_int"	"El Watan"	"2014-01-25 10:26:10.0"	"Switzerland"	"1"
"fr_DZA_elwata_int"	"El Watan"	"2014-01-28 10:27:58.0"	"Switzerland"	"1"
"fr_DZA_elwata_int"	"El Watan"	"2014-02-16 10:56:03.0"	"Switzerland"	"2"
"fr_DZA_elwata_int"	"El Watan"	"2014-04-12 11:42:58.0"	"Switzerland"	"1"
"fr_DZA_elwata_int"	"El Watan"	"2014-04-20 11:21:12.0"	"Switzerland"	"1"
"fr_DZA_elwata_int"	"El Watan"	"2014-08-07 11:33:21.0"	"Switzerland"	"1"
"fr_DZA_elwata_int"	"El Watan"	"2015-01-19 10:58:53.0"	"Switzerland"	"2"
"fr_DZA_elwata_int"	"El Watan"	"2015-05-12 11:44:06.0"	"Switzerland"	"1"
"fr_DZA_elwata_int"	"El Watan"	"2015-05-27 11:22:12.0"	"Switzerland"	"1"
"fr_DZA_elwata_int"	"El Watan"	"2014-03-01 11:16:29.0"	"Chile"	"1"
"fr_DZA_elwata_int"	"El Watan"	"2014-08-24 11:26:37.0"	"Chile"	"1"
"fr_DZA_elwata_int"	"El Watan"	"2015-03-24 10:20:40.0"	"Chile"	"1"
"fr_DZA_elwata_int"	"El Watan"	"2015-04-06 11:21:39.0"	"Chile"	"1"
"fr_DZA_elwata_int"	"El Watan"	"2015-04-25 00:06:46.0"	"Chile"	"1"
"fr_DZA_elwata_int"	"El Watan"	"2014-02-24 10:55:47.0"	"China"	"1"
"fr_DZA_elwata_int"	"El Watan"	"2014-05-10 00:15:41.0"	"China"	"1"
"fr_DZA_elwata_int"	"El Watan"	"2014-05-12 11:15:47.0"	"China"	"1"
"fr_DZA_elwata_int"	"El Watan"	"2014-05-21 11:59:37.0"	"China"	"1"
"fr_DZA_elwata_int"	"El Watan"	"2014-06-05 11:18:32.0"	"China"	"1"
"fr_DZA_elwata_int"	"El Watan"	"2014-06-23 11:56:34.0"	"China"	"2"
"fr_DZA_elwata_int"	"El Watan"	"2014-07-24 00:08:24.0"	"China"	"1"
"fr_DZA_elwata_int"	"El Watan"	"2014-07-30 11:32:46.0"	"China"	"1"
"fr_DZA_elwata_int"	"El Watan"	"2014-08-03 16:33:04.0"	"China"	"1"
"fr_DZA_elwata_int"	"El Watan"	"2014-08-07 11:33:21.0"	"China"	"1"
"fr_DZA_elwata_int"	"El Watan"	"2014-08-13 11:10:24.0"	"China"	"1"
"fr_DZA_elwata_int"	"El Watan"	"2014-08-25 11:26:41.0"	"China"	"1"
"fr_DZA_elwata_int"	"El Watan"	"2014-09-20 11:36:55.0"	"China"	"1"
"fr_DZA_elwata_int"	"El Watan"	"2014-11-26 10:45:33.0"	"China"	"1"
"fr_DZA_elwata_int"	"El Watan"	"2014-12-09 10:46:19.0"	"China"	"1"
"fr_DZA_elwata_int"	"El Watan"	"2015-01-02 10:24:34.0"	"China"	"1"
"fr_DZA_elwata_int"	"El Watan"	"2015-03-17 10:35:14.0"	"China"	"1"
"fr_DZA_elwata_int"	"El Watan"	"2015-06-09 11:57:26.0"	"China"	"1"
"fr_DZA_elwata_int"	"El Watan"	"2014-08-26 11:26:45.0"	"Cameroon"	"1"
"fr_DZA_elwata_int"	"El Watan"	"2015-02-02 10:12:21.0"	"Cameroon"	"1"
"fr_DZA_elwata_int"	"El Watan"	"2015-03-23 10:44:37.0"	"Congo"	"1"
"fr_DZA_elwata_int"	"El Watan"	"2014-08-28 11:26:53.0"	"Colombia"	"1"
"fr_DZA_elwata_int"	"El Watan"	"2015-03-12 10:41:15.0"	"Colombia"	"1"
"fr_DZA_elwata_int"	"El Watan"	"2014-12-18 10:42:28.0"	"Cuba"	"1"
"fr_DZA_elwata_int"	"El Watan"	"2014-12-19 10:59:29.0"	"Cuba"	"1"
"fr_DZA_elwata_int"	"El Watan"	"2015-01-15 15:58:15.0"	"Cuba"	"1"
"fr_DZA_elwata_int"	"El Watan"	"2015-01-26 23:02:57.0"	"Cuba"	"1"
"fr_DZA_elwata_int"	"El Watan"	"2015-04-16 11:37:16.0"	"Cuba"	"1"
"fr_DZA_elwata_int"	"El Watan"	"2015-05-31 00:01:21.0"	"Cuba"	"1"
"fr_DZA_elwata_int"	"El Watan"	"2014-01-03 10:42:09.0"	"Czech Republic"	"1"
"fr_DZA_elwata_int"	"El Watan"	"2014-07-15 02:19:56.0"	"Germany"	"1"
"fr_DZA_elwata_int"	"El Watan"	"2014-08-21 11:26:27.0"	"Germany"	"1"
"fr_DZA_elwata_int"	"El Watan"	"2015-01-13 10:58:18.0"	"Germany"	"1"
"fr_DZA_elwata_int"	"El Watan"	"2015-01-26 23:02:57.0"	"Germany"	"1"
"fr_DZA_elwata_int"	"El Watan"	"2015-03-14 10:34:51.0"	"Germany"	"1"
"fr_DZA_elwata_int"	"El Watan"	"2015-03-17 10:35:14.0"	"Germany"	"1"
"fr_DZA_elwata_int"	"El Watan"	"2015-04-22 00:06:28.0"	"Germany"	"1"
"fr_DZA_elwata_int"	"El Watan"	"2015-06-02 00:01:33.0"	"Germany"	"1"
"fr_DZA_elwata_int"	"El Watan"	"2015-06-27 00:34:38.0"	"Germany"	"1"
"fr_DZA_elwata_int"	"El Watan"	"2014-08-02 11:32:59.0"	"Dominica"	"1"
"fr_DZA_elwata_int"	"El Watan"	"2014-01-31 00:24:21.0"	"Algeria"	"1"
"fr_DZA_elwata_int"	"El Watan"	"2014-02-03 10:42:26.0"	"Algeria"	"1"
"fr_DZA_elwata_int"	"El Watan"	"2014-03-19 16:16:20.0"	"Algeria"	"1"
"fr_DZA_elwata_int"	"El Watan"	"2014-03-21 10:16:31.0"	"Algeria"	"1"
"fr_DZA_elwata_int"	"El Watan"	"2014-03-28 10:17:10.0"	"Algeria"	"1"
"fr_DZA_elwata_int"	"El Watan"	"2014-04-09 22:42:43.0"	"Algeria"	"1"
"fr_DZA_elwata_int"	"El Watan"	"2014-04-14 11:44:11.0"	"Algeria"	"1"
"fr_DZA_elwata_int"	"El Watan"	"2014-04-25 11:19:35.0"	"Algeria"	"1"
"fr_DZA_elwata_int"	"El Watan"	"2014-05-08 11:15:33.0"	"Algeria"	"1"
"fr_DZA_elwata_int"	"El Watan"	"2014-05-23 11:59:45.0"	"Algeria"	"1"
"fr_DZA_elwata_int"	"El Watan"	"2014-05-31 00:00:22.0"	"Algeria"	"1"
"fr_DZA_elwata_int"	"El Watan"	"2014-07-06 00:01:18.0"	"Algeria"	"1"
"fr_DZA_elwata_int"	"El Watan"	"2014-07-11 00:06:29.0"	"Algeria"	"1"
"fr_DZA_elwata_int"	"El Watan"	"2014-07-18 11:20:14.0"	"Algeria"	"1"
"fr_DZA_elwata_int"	"El Watan"	"2014-07-20 11:21:18.0"	"Algeria"	"1"
"fr_DZA_elwata_int"	"El Watan"	"2014-07-21 11:21:52.0"	"Algeria"	"1"
"fr_DZA_elwata_int"	"El Watan"	"2014-07-27 11:24:07.0"	"Algeria"	"2"
"fr_DZA_elwata_int"	"El Watan"	"2014-08-05 11:33:11.0"	"Algeria"	"1"
"fr_DZA_elwata_int"	"El Watan"	"2014-08-08 11:10:00.0"	"Algeria"	"1"
"fr_DZA_elwata_int"	"El Watan"	"2014-08-22 11:26:29.0"	"Algeria"	"1"
"fr_DZA_elwata_int"	"El Watan"	"2014-09-05 11:59:22.0"	"Algeria"	"1"
"fr_DZA_elwata_int"	"El Watan"	"2014-10-07 11:17:51.0"	"Algeria"	"1"
"fr_DZA_elwata_int"	"El Watan"	"2014-10-12 11:18:08.0"	"Algeria"	"1"
"fr_DZA_elwata_int"	"El Watan"	"2014-11-12 10:38:12.0"	"Algeria"	"1"
"fr_DZA_elwata_int"	"El Watan"	"2014-11-14 10:38:19.0"	"Algeria"	"1"
"fr_DZA_elwata_int"	"El Watan"	"2014-12-06 10:46:09.0"	"Algeria"	"1"
"fr_DZA_elwata_int"	"El Watan"	"2014-12-18 10:42:28.0"	"Algeria"	"1"
"fr_DZA_elwata_int"	"El Watan"	"2014-12-25 10:59:58.0"	"Algeria"	"1"
"fr_DZA_elwata_int"	"El Watan"	"2015-01-11 10:17:19.0"	"Algeria"	"1"
"fr_DZA_elwata_int"	"El Watan"	"2015-02-04 00:12:32.0"	"Algeria"	"1"
"fr_DZA_elwata_int"	"El Watan"	"2015-02-07 10:12:46.0"	"Algeria"	"1"
"fr_DZA_elwata_int"	"El Watan"	"2015-02-11 10:11:11.0"	"Algeria"	"1"
"fr_DZA_elwata_int"	"El Watan"	"2015-02-18 13:11:46.0"	"Algeria"	"1"
"fr_DZA_elwata_int"	"El Watan"	"2015-03-10 10:40:31.0"	"Algeria"	"1"
"fr_DZA_elwata_int"	"El Watan"	"2015-03-13 10:34:45.0"	"Algeria"	"2"
"fr_DZA_elwata_int"	"El Watan"	"2015-03-25 10:20:47.0"	"Algeria"	"1"
"fr_DZA_elwata_int"	"El Watan"	"2015-03-27 10:20:56.0"	"Algeria"	"2"
"fr_DZA_elwata_int"	"El Watan"	"2015-03-28 10:20:59.0"	"Algeria"	"1"
"fr_DZA_elwata_int"	"El Watan"	"2015-03-29 11:21:02.0"	"Algeria"	"1"
"fr_DZA_elwata_int"	"El Watan"	"2015-04-09 11:21:58.0"	"Algeria"	"1"
"fr_DZA_elwata_int"	"El Watan"	"2015-04-10 11:22:02.0"	"Algeria"	"1"
"fr_DZA_elwata_int"	"El Watan"	"2015-04-11 11:22:06.0"	"Algeria"	"1"
"fr_DZA_elwata_int"	"El Watan"	"2015-04-12 11:22:08.0"	"Algeria"	"1"
"fr_DZA_elwata_int"	"El Watan"	"2015-05-14 11:44:15.0"	"Algeria"	"1"
"fr_DZA_elwata_int"	"El Watan"	"2015-06-21 11:34:16.0"	"Algeria"	"2"
"fr_DZA_elwata_int"	"El Watan"	"2015-06-22 11:34:20.0"	"Algeria"	"1"
"fr_DZA_elwata_int"	"El Watan"	"2015-06-23 11:34:24.0"	"Algeria"	"1"
"fr_DZA_elwata_int"	"El Watan"	"2015-06-25 11:34:31.0"	"Algeria"	"1"
"fr_DZA_elwata_int"	"El Watan"	"2014-01-05 10:41:44.0"	"Egypt"	"1"
"fr_DZA_elwata_int"	"El Watan"	"2014-01-06 10:42:32.0"	"Egypt"	"1"
"fr_DZA_elwata_int"	"El Watan"	"2014-01-07 10:42:21.0"	"Egypt"	"1"
"fr_DZA_elwata_int"	"El Watan"	"2014-01-10 10:56:30.0"	"Egypt"	"1"
"fr_DZA_elwata_int"	"El Watan"	"2014-01-15 10:47:31.0"	"Egypt"	"1"
"fr_DZA_elwata_int"	"El Watan"	"2014-01-16 10:26:35.0"	"Egypt"	"1"
"fr_DZA_elwata_int"	"El Watan"	"2014-01-20 10:25:43.0"	"Egypt"	"1"
"fr_DZA_elwata_int"	"El Watan"	"2014-01-24 10:26:06.0"	"Egypt"	"1"
"fr_DZA_elwata_int"	"El Watan"	"2014-01-25 10:26:10.0"	"Egypt"	"1"
"fr_DZA_elwata_int"	"El Watan"	"2014-01-27 10:27:52.0"	"Egypt"	"1"
"fr_DZA_elwata_int"	"El Watan"	"2014-02-01 10:27:06.0"	"Egypt"	"1"
"fr_DZA_elwata_int"	"El Watan"	"2014-02-02 10:42:36.0"	"Egypt"	"1"
"fr_DZA_elwata_int"	"El Watan"	"2014-02-06 10:42:13.0"	"Egypt"	"1"
"fr_DZA_elwata_int"	"El Watan"	"2014-02-07 10:21:17.0"	"Egypt"	"1"
"fr_DZA_elwata_int"	"El Watan"	"2014-02-13 10:21:57.0"	"Egypt"	"1"
"fr_DZA_elwata_int"	"El Watan"	"2014-02-20 10:55:57.0"	"Egypt"	"1"
"fr_DZA_elwata_int"	"El Watan"	"2014-02-21 10:55:45.0"	"Egypt"	"1"
"fr_DZA_elwata_int"	"El Watan"	"2014-03-05 10:16:45.0"	"Egypt"	"1"
"fr_DZA_elwata_int"	"El Watan"	"2014-03-07 10:16:38.0"	"Egypt"	"1"
"fr_DZA_elwata_int"	"El Watan"	"2014-03-19 16:16:20.0"	"Egypt"	"1"
"fr_DZA_elwata_int"	"El Watan"	"2014-03-20 10:16:26.0"	"Egypt"	"1"
"fr_DZA_elwata_int"	"El Watan"	"2014-03-22 11:16:36.0"	"Egypt"	"1"
"fr_DZA_elwata_int"	"El Watan"	"2014-03-25 10:16:50.0"	"Egypt"	"1"
"fr_DZA_elwata_int"	"El Watan"	"2014-03-26 10:16:57.0"	"Egypt"	"1"
"fr_DZA_elwata_int"	"El Watan"	"2014-03-28 10:17:10.0"	"Egypt"	"1"
"fr_DZA_elwata_int"	"El Watan"	"2014-03-29 11:17:16.0"	"Egypt"	"1"
"fr_DZA_elwata_int"	"El Watan"	"2014-04-09 11:42:41.0"	"Egypt"	"1"
"fr_DZA_elwata_int"	"El Watan"	"2014-04-29 11:19:52.0"	"Egypt"	"1"
"fr_DZA_elwata_int"	"El Watan"	"2014-05-02 11:23:15.0"	"Egypt"	"1"
"fr_DZA_elwata_int"	"El Watan"	"2014-05-05 11:35:09.0"	"Egypt"	"1"
"fr_DZA_elwata_int"	"El Watan"	"2014-05-10 19:15:41.0"	"Egypt"	"1"
"fr_DZA_elwata_int"	"El Watan"	"2014-05-21 11:59:37.0"	"Egypt"	"1"
"fr_DZA_elwata_int"	"El Watan"	"2014-05-30 00:00:18.0"	"Egypt"	"1"
"fr_DZA_elwata_int"	"El Watan"	"2014-06-09 11:19:05.0"	"Egypt"	"1"
"fr_DZA_elwata_int"	"El Watan"	"2014-06-11 11:19:14.0"	"Egypt"	"1"
"fr_DZA_elwata_int"	"El Watan"	"2014-06-22 00:30:16.0"	"Egypt"	"1"
"fr_DZA_elwata_int"	"El Watan"	"2014-06-24 11:57:17.0"	"Egypt"	"1"
"fr_DZA_elwata_int"	"El Watan"	"2014-07-04 11:57:59.0"	"Egypt"	"1"
"fr_DZA_elwata_int"	"El Watan"	"2014-07-16 11:20:05.0"	"Egypt"	"1"
"fr_DZA_elwata_int"	"El Watan"	"2014-08-02 11:32:59.0"	"Egypt"	"1"
"fr_DZA_elwata_int"	"El Watan"	"2014-08-08 11:10:00.0"	"Egypt"	"1"
"fr_DZA_elwata_int"	"El Watan"	"2014-08-10 11:10:10.0"	"Egypt"	"1"
"fr_DZA_elwata_int"	"El Watan"	"2014-08-11 11:10:14.0"	"Egypt"	"1"
"fr_DZA_elwata_int"	"El Watan"	"2014-08-17 11:10:37.0"	"Egypt"	"1"
"fr_DZA_elwata_int"	"El Watan"	"2014-08-27 11:26:50.0"	"Egypt"	"1"
"fr_DZA_elwata_int"	"El Watan"	"2014-09-16 11:36:36.0"	"Egypt"	"1"
"fr_DZA_elwata_int"	"El Watan"	"2014-10-03 11:17:35.0"	"Egypt"	"1"
"fr_DZA_elwata_int"	"El Watan"	"2014-10-25 11:21:06.0"	"Egypt"	"1"
"fr_DZA_elwata_int"	"El Watan"	"2014-10-26 10:21:11.0"	"Egypt"	"1"
"fr_DZA_elwata_int"	"El Watan"	"2014-11-14 10:38:19.0"	"Egypt"	"1"
"fr_DZA_elwata_int"	"El Watan"	"2014-11-28 15:45:47.0"	"Egypt"	"2"
"fr_DZA_elwata_int"	"El Watan"	"2014-11-29 10:45:50.0"	"Egypt"	"1"
"fr_DZA_elwata_int"	"El Watan"	"2014-12-01 10:45:59.0"	"Egypt"	"1"
"fr_DZA_elwata_int"	"El Watan"	"2014-12-27 11:00:04.0"	"Egypt"	"1"
"fr_DZA_elwata_int"	"El Watan"	"2015-01-09 10:17:09.0"	"Egypt"	"1"
"fr_DZA_elwata_int"	"El Watan"	"2015-01-30 10:10:22.0"	"Egypt"	"1"
"fr_DZA_elwata_int"	"El Watan"	"2015-02-01 10:10:29.0"	"Egypt"	"1"
"fr_DZA_elwata_int"	"El Watan"	"2015-02-03 10:12:26.0"	"Egypt"	"1"
"fr_DZA_elwata_int"	"El Watan"	"2015-02-10 10:49:18.0"	"Egypt"	"1"
"fr_DZA_elwata_int"	"El Watan"	"2015-02-14 10:11:30.0"	"Egypt"	"1"
"fr_DZA_elwata_int"	"El Watan"	"2015-02-20 10:12:50.0"	"Egypt"	"1"
"fr_DZA_elwata_int"	"El Watan"	"2015-02-23 10:13:02.0"	"Egypt"	"1"
"fr_DZA_elwata_int"	"El Watan"	"2015-02-25 10:11:09.0"	"Egypt"	"1"
"fr_DZA_elwata_int"	"El Watan"	"2015-02-28 10:33:56.0"	"Egypt"	"1"
"fr_DZA_elwata_int"	"El Watan"	"2015-03-03 10:39:56.0"	"Egypt"	"1"
"fr_DZA_elwata_int"	"El Watan"	"2015-03-21 10:42:37.0"	"Egypt"	"1"
"fr_DZA_elwata_int"	"El Watan"	"2015-03-28 10:20:59.0"	"Egypt"	"1"
"fr_DZA_elwata_int"	"El Watan"	"2015-04-13 11:37:00.0"	"Egypt"	"1"
"fr_DZA_elwata_int"	"El Watan"	"2015-05-28 11:22:16.0"	"Egypt"	"1"
"fr_DZA_elwata_int"	"El Watan"	"2015-02-20 10:12:50.0"	"Eritrea"	"1"
"fr_DZA_elwata_int"	"El Watan"	"2014-03-07 10:16:38.0"	"Western Sahara"	"1"
"fr_DZA_elwata_int"	"El Watan"	"2014-03-19 16:16:20.0"	"Western Sahara"	"1"
"fr_DZA_elwata_int"	"El Watan"	"2014-04-12 11:42:58.0"	"Western Sahara"	"1"
"fr_DZA_elwata_int"	"El Watan"	"2014-04-15 11:44:31.0"	"Western Sahara"	"1"
"fr_DZA_elwata_int"	"El Watan"	"2014-05-03 11:23:29.0"	"Western Sahara"	"1"
"fr_DZA_elwata_int"	"El Watan"	"2014-06-29 11:57:40.0"	"Western Sahara"	"1"
"fr_DZA_elwata_int"	"El Watan"	"2014-07-05 11:58:03.0"	"Western Sahara"	"1"
"fr_DZA_elwata_int"	"El Watan"	"2014-07-28 11:24:13.0"	"Western Sahara"	"1"
"fr_DZA_elwata_int"	"El Watan"	"2014-07-30 11:32:46.0"	"Western Sahara"	"1"
"fr_DZA_elwata_int"	"El Watan"	"2014-08-05 11:33:11.0"	"Western Sahara"	"1"
"fr_DZA_elwata_int"	"El Watan"	"2014-08-09 00:10:06.0"	"Western Sahara"	"1"
"fr_DZA_elwata_int"	"El Watan"	"2014-08-10 19:10:12.0"	"Western Sahara"	"1"
"fr_DZA_elwata_int"	"El Watan"	"2014-08-17 11:10:37.0"	"Western Sahara"	"1"
"fr_DZA_elwata_int"	"El Watan"	"2014-08-25 11:26:41.0"	"Western Sahara"	"1"
"fr_DZA_elwata_int"	"El Watan"	"2014-09-22 11:37:03.0"	"Western Sahara"	"1"
"fr_DZA_elwata_int"	"El Watan"	"2014-10-09 11:17:58.0"	"Western Sahara"	"1"
"fr_DZA_elwata_int"	"El Watan"	"2014-10-14 11:18:15.0"	"Western Sahara"	"1"
"fr_DZA_elwata_int"	"El Watan"	"2014-10-27 10:21:14.0"	"Western Sahara"	"1"
"fr_DZA_elwata_int"	"El Watan"	"2014-11-22 10:44:18.0"	"Western Sahara"	"1"
"fr_DZA_elwata_int"	"El Watan"	"2014-12-14 10:42:00.0"	"Western Sahara"	"1"
"fr_DZA_elwata_int"	"El Watan"	"2014-12-29 11:00:14.0"	"Western Sahara"	"1"
"fr_DZA_elwata_int"	"El Watan"	"2015-01-18 10:58:49.0"	"Western Sahara"	"1"
"fr_DZA_elwata_int"	"El Watan"	"2015-02-04 10:12:31.0"	"Western Sahara"	"1"
"fr_DZA_elwata_int"	"El Watan"	"2015-02-07 10:12:46.0"	"Western Sahara"	"1"
"fr_DZA_elwata_int"	"El Watan"	"2015-02-08 10:49:08.0"	"Western Sahara"	"1"
"fr_DZA_elwata_int"	"El Watan"	"2015-02-22 10:12:58.0"	"Western Sahara"	"1"
"fr_DZA_elwata_int"	"El Watan"	"2015-02-28 10:33:56.0"	"Western Sahara"	"1"
"fr_DZA_elwata_int"	"El Watan"	"2015-03-03 10:39:56.0"	"Western Sahara"	"1"
"fr_DZA_elwata_int"	"El Watan"	"2015-03-26 10:20:52.0"	"Western Sahara"	"1"
"fr_DZA_elwata_int"	"El Watan"	"2015-03-29 11:21:02.0"	"Western Sahara"	"1"
"fr_DZA_elwata_int"	"El Watan"	"2015-04-01 11:21:15.0"	"Western Sahara"	"1"
"fr_DZA_elwata_int"	"El Watan"	"2015-04-02 11:21:20.0"	"Western Sahara"	"1"
"fr_DZA_elwata_int"	"El Watan"	"2015-04-05 11:21:35.0"	"Western Sahara"	"1"
"fr_DZA_elwata_int"	"El Watan"	"2015-04-12 11:22:08.0"	"Western Sahara"	"1"
"fr_DZA_elwata_int"	"El Watan"	"2015-04-15 15:37:13.0"	"Western Sahara"	"1"
"fr_DZA_elwata_int"	"El Watan"	"2015-04-16 11:37:16.0"	"Western Sahara"	"1"
"fr_DZA_elwata_int"	"El Watan"	"2015-04-28 11:43:16.0"	"Western Sahara"	"2"
"fr_DZA_elwata_int"	"El Watan"	"2015-05-03 11:43:30.0"	"Western Sahara"	"1"
"fr_DZA_elwata_int"	"El Watan"	"2015-05-11 11:44:02.0"	"Western Sahara"	"1"
"fr_DZA_elwata_int"	"El Watan"	"2015-05-16 11:44:24.0"	"Western Sahara"	"1"
"fr_DZA_elwata_int"	"El Watan"	"2015-06-18 11:34:06.0"	"Western Sahara"	"1"
"fr_DZA_elwata_int"	"El Watan"	"2015-06-21 11:34:16.0"	"Western Sahara"	"1"
"fr_DZA_elwata_int"	"El Watan"	"2014-02-09 10:21:55.0"	"Spain"	"1"
"fr_DZA_elwata_int"	"El Watan"	"2014-03-20 16:16:27.0"	"Spain"	"2"
"fr_DZA_elwata_int"	"El Watan"	"2014-03-22 11:16:36.0"	"Spain"	"1"
"fr_DZA_elwata_int"	"El Watan"	"2014-03-24 17:16:47.0"	"Spain"	"1"
"fr_DZA_elwata_int"	"El Watan"	"2014-03-25 10:16:50.0"	"Spain"	"1"
"fr_DZA_elwata_int"	"El Watan"	"2014-06-03 11:18:24.0"	"Spain"	"1"
"fr_DZA_elwata_int"	"El Watan"	"2014-06-09 11:19:05.0"	"Spain"	"1"
"fr_DZA_elwata_int"	"El Watan"	"2014-06-22 11:33:45.0"	"Spain"	"1"
"fr_DZA_elwata_int"	"El Watan"	"2014-09-13 11:36:22.0"	"Spain"	"1"
"fr_DZA_elwata_int"	"El Watan"	"2014-09-28 11:17:15.0"	"Spain"	"1"
"fr_DZA_elwata_int"	"El Watan"	"2014-10-08 15:17:55.0"	"Spain"	"1"
"fr_DZA_elwata_int"	"El Watan"	"2014-11-10 10:38:05.0"	"Spain"	"1"
"fr_DZA_elwata_int"	"El Watan"	"2014-11-15 10:43:56.0"	"Spain"	"1"
"fr_DZA_elwata_int"	"El Watan"	"2014-11-17 10:43:58.0"	"Spain"	"1"
"fr_DZA_elwata_int"	"El Watan"	"2014-12-27 11:00:04.0"	"Spain"	"1"
"fr_DZA_elwata_int"	"El Watan"	"2015-04-11 11:22:06.0"	"Spain"	"1"
"fr_DZA_elwata_int"	"El Watan"	"2015-05-25 11:18:18.0"	"Spain"	"1"
"fr_DZA_elwata_int"	"El Watan"	"2015-05-26 16:18:21.0"	"Spain"	"1"
"fr_DZA_elwata_int"	"El Watan"	"2015-05-27 11:22:12.0"	"Spain"	"1"
"fr_DZA_elwata_int"	"El Watan"	"2015-05-30 11:22:25.0"	"Spain"	"1"
"fr_DZA_elwata_int"	"El Watan"	"2015-04-22 00:06:28.0"	"Ethiopia"	"1"
"fr_DZA_elwata_int"	"El Watan"	"2014-01-10 10:56:30.0"	"France"	"1"
"fr_DZA_elwata_int"	"El Watan"	"2014-01-13 11:47:24.0"	"France"	"1"
"fr_DZA_elwata_int"	"El Watan"	"2014-01-21 10:25:36.0"	"France"	"2"
"fr_DZA_elwata_int"	"El Watan"	"2014-02-07 10:21:17.0"	"France"	"1"
"fr_DZA_elwata_int"	"El Watan"	"2014-02-11 10:22:05.0"	"France"	"1"
"fr_DZA_elwata_int"	"El Watan"	"2014-02-25 10:55:59.0"	"France"	"1"
"fr_DZA_elwata_int"	"El Watan"	"2014-02-28 10:15:20.0"	"France"	"2"
"fr_DZA_elwata_int"	"El Watan"	"2014-03-06 10:16:33.0"	"France"	"1"
"fr_DZA_elwata_int"	"El Watan"	"2014-03-09 10:16:48.0"	"France"	"1"
"fr_DZA_elwata_int"	"El Watan"	"2014-03-13 00:37:58.0"	"France"	"1"
"fr_DZA_elwata_int"	"El Watan"	"2014-03-31 11:17:27.0"	"France"	"2"
"fr_DZA_elwata_int"	"El Watan"	"2014-04-08 11:17:40.0"	"France"	"2"
"fr_DZA_elwata_int"	"El Watan"	"2014-05-09 11:15:37.0"	"France"	"1"
"fr_DZA_elwata_int"	"El Watan"	"2014-05-15 11:10:16.0"	"France"	"1"
"fr_DZA_elwata_int"	"El Watan"	"2014-05-16 11:10:21.0"	"France"	"1"
"fr_DZA_elwata_int"	"El Watan"	"2014-05-31 00:00:22.0"	"France"	"1"
"fr_DZA_elwata_int"	"El Watan"	"2014-06-07 11:18:49.0"	"France"	"1"
"fr_DZA_elwata_int"	"El Watan"	"2014-07-04 11:57:59.0"	"France"	"1"
"fr_DZA_elwata_int"	"El Watan"	"2014-07-15 02:19:56.0"	"France"	"1"
"fr_DZA_elwata_int"	"El Watan"	"2014-07-23 11:21:59.0"	"France"	"1"
"fr_DZA_elwata_int"	"El Watan"	"2014-07-26 11:24:02.0"	"France"	"1"
"fr_DZA_elwata_int"	"El Watan"	"2014-08-03 11:33:03.0"	"France"	"1"
"fr_DZA_elwata_int"	"El Watan"	"2014-08-06 11:33:16.0"	"France"	"1"
"fr_DZA_elwata_int"	"El Watan"	"2014-08-13 11:10:24.0"	"France"	"1"
"fr_DZA_elwata_int"	"El Watan"	"2014-08-18 11:10:39.0"	"France"	"1"
"fr_DZA_elwata_int"	"El Watan"	"2014-08-21 20:26:28.0"	"France"	"1"
"fr_DZA_elwata_int"	"El Watan"	"2014-08-26 11:26:45.0"	"France"	"1"
"fr_DZA_elwata_int"	"El Watan"	"2014-08-27 18:26:51.0"	"France"	"1"
"fr_DZA_elwata_int"	"El Watan"	"2014-09-06 11:59:53.0"	"France"	"1"
"fr_DZA_elwata_int"	"El Watan"	"2014-09-11 00:36:12.0"	"France"	"2"
"fr_DZA_elwata_int"	"El Watan"	"2014-09-17 13:36:41.0"	"France"	"1"
"fr_DZA_elwata_int"	"El Watan"	"2014-09-20 11:36:55.0"	"France"	"1"
"fr_DZA_elwata_int"	"El Watan"	"2014-09-21 11:36:59.0"	"France"	"1"
"fr_DZA_elwata_int"	"El Watan"	"2014-09-22 11:37:03.0"	"France"	"1"
"fr_DZA_elwata_int"	"El Watan"	"2014-09-25 00:08:21.0"	"France"	"1"
"fr_DZA_elwata_int"	"El Watan"	"2014-10-07 00:17:51.0"	"France"	"1"
"fr_DZA_elwata_int"	"El Watan"	"2014-11-08 10:37:56.0"	"France"	"1"
"fr_DZA_elwata_int"	"El Watan"	"2014-11-17 10:43:58.0"	"France"	"1"
"fr_DZA_elwata_int"	"El Watan"	"2014-11-18 10:44:03.0"	"France"	"1"
"fr_DZA_elwata_int"	"El Watan"	"2014-12-03 10:45:57.0"	"France"	"1"
"fr_DZA_elwata_int"	"El Watan"	"2014-12-15 10:42:05.0"	"France"	"1"
"fr_DZA_elwata_int"	"El Watan"	"2014-12-16 10:42:23.0"	"France"	"1"
"fr_DZA_elwata_int"	"El Watan"	"2014-12-20 10:59:39.0"	"France"	"1"
"fr_DZA_elwata_int"	"El Watan"	"2015-01-07 14:17:03.0"	"France"	"2"
"fr_DZA_elwata_int"	"El Watan"	"2015-01-08 13:17:05.0"	"France"	"1"
"fr_DZA_elwata_int"	"El Watan"	"2015-01-10 17:17:16.0"	"France"	"1"
"fr_DZA_elwata_int"	"El Watan"	"2015-01-15 10:58:10.0"	"France"	"2"
"fr_DZA_elwata_int"	"El Watan"	"2015-01-16 10:58:26.0"	"France"	"1"
"fr_DZA_elwata_int"	"El Watan"	"2015-01-17 10:58:30.0"	"France"	"1"
"fr_DZA_elwata_int"	"El Watan"	"2015-01-26 23:02:57.0"	"France"	"5"
"fr_DZA_elwata_int"	"El Watan"	"2015-01-29 10:10:17.0"	"France"	"1"
"fr_DZA_elwata_int"	"El Watan"	"2015-02-07 10:12:46.0"	"France"	"1"
"fr_DZA_elwata_int"	"El Watan"	"2015-02-17 10:11:42.0"	"France"	"1"
"fr_DZA_elwata_int"	"El Watan"	"2015-02-18 10:11:46.0"	"France"	"1"
"fr_DZA_elwata_int"	"El Watan"	"2015-02-19 10:11:49.0"	"France"	"1"
"fr_DZA_elwata_int"	"El Watan"	"2015-02-21 10:12:54.0"	"France"	"1"
"fr_DZA_elwata_int"	"El Watan"	"2015-02-26 00:37:17.0"	"France"	"2"
"fr_DZA_elwata_int"	"El Watan"	"2015-02-27 10:37:21.0"	"France"	"1"
"fr_DZA_elwata_int"	"El Watan"	"2015-02-28 10:33:56.0"	"France"	"1"
"fr_DZA_elwata_int"	"El Watan"	"2015-03-05 10:40:12.0"	"France"	"1"
"fr_DZA_elwata_int"	"El Watan"	"2015-03-07 10:40:20.0"	"France"	"1"
"fr_DZA_elwata_int"	"El Watan"	"2015-03-09 10:40:27.0"	"France"	"1"
"fr_DZA_elwata_int"	"El Watan"	"2015-03-10 10:40:31.0"	"France"	"1"
"fr_DZA_elwata_int"	"El Watan"	"2015-03-11 10:41:12.0"	"France"	"1"
"fr_DZA_elwata_int"	"El Watan"	"2015-03-17 10:35:14.0"	"France"	"1"
"fr_DZA_elwata_int"	"El Watan"	"2015-03-18 10:36:19.0"	"France"	"1"
"fr_DZA_elwata_int"	"El Watan"	"2015-03-21 10:42:37.0"	"France"	"1"
"fr_DZA_elwata_int"	"El Watan"	"2015-03-24 10:20:40.0"	"France"	"2"
"fr_DZA_elwata_int"	"El Watan"	"2015-03-27 10:20:56.0"	"France"	"1"
"fr_DZA_elwata_int"	"El Watan"	"2015-04-06 11:21:39.0"	"France"	"1"
"fr_DZA_elwata_int"	"El Watan"	"2015-04-08 11:21:52.0"	"France"	"2"
"fr_DZA_elwata_int"	"El Watan"	"2015-04-09 11:21:58.0"	"France"	"1"
"fr_DZA_elwata_int"	"El Watan"	"2015-05-04 11:43:34.0"	"France"	"1"
"fr_DZA_elwata_int"	"El Watan"	"2015-05-05 11:43:37.0"	"France"	"1"
"fr_DZA_elwata_int"	"El Watan"	"2015-05-06 11:43:42.0"	"France"	"1"
"fr_DZA_elwata_int"	"El Watan"	"2015-05-08 11:43:50.0"	"France"	"1"
"fr_DZA_elwata_int"	"El Watan"	"2015-05-13 11:44:11.0"	"France"	"1"
"fr_DZA_elwata_int"	"El Watan"	"2015-06-22 11:34:20.0"	"France"	"1"
"fr_DZA_elwata_int"	"El Watan"	"2015-06-23 11:34:24.0"	"France"	"1"
"fr_DZA_elwata_int"	"El Watan"	"2015-06-24 11:34:27.0"	"France"	"1"
"fr_DZA_elwata_int"	"El Watan"	"2015-06-27 17:34:39.0"	"France"	"3"
"fr_DZA_elwata_int"	"El Watan"	"2015-06-30 11:34:50.0"	"France"	"1"
"fr_DZA_elwata_int"	"El Watan"	"2014-12-22 10:59:49.0"	"Gabon"	"1"
"fr_DZA_elwata_int"	"El Watan"	"2014-07-10 00:03:04.0"	"United Kingdom"	"1"
"fr_DZA_elwata_int"	"El Watan"	"2014-08-22 11:26:29.0"	"United Kingdom"	"1"
"fr_DZA_elwata_int"	"El Watan"	"2014-08-24 11:26:37.0"	"United Kingdom"	"1"
"fr_DZA_elwata_int"	"El Watan"	"2014-09-02 11:59:09.0"	"United Kingdom"	"1"
"fr_DZA_elwata_int"	"El Watan"	"2014-09-06 11:59:53.0"	"United Kingdom"	"1"
"fr_DZA_elwata_int"	"El Watan"	"2014-09-18 11:36:46.0"	"United Kingdom"	"2"
"fr_DZA_elwata_int"	"El Watan"	"2014-09-19 11:36:51.0"	"United Kingdom"	"1"
"fr_DZA_elwata_int"	"El Watan"	"2014-09-28 11:17:15.0"	"United Kingdom"	"1"
"fr_DZA_elwata_int"	"El Watan"	"2014-11-28 10:45:46.0"	"United Kingdom"	"1"
"fr_DZA_elwata_int"	"El Watan"	"2015-02-21 10:12:54.0"	"United Kingdom"	"1"
"fr_DZA_elwata_int"	"El Watan"	"2015-06-27 00:34:38.0"	"United Kingdom"	"1"
"fr_DZA_elwata_int"	"El Watan"	"2014-07-31 11:32:50.0"	"Guinea"	"1"
"fr_DZA_elwata_int"	"El Watan"	"2014-08-03 11:33:03.0"	"Guinea"	"1"
"fr_DZA_elwata_int"	"El Watan"	"2014-04-01 17:46:39.0"	"Greece"	"1"
"fr_DZA_elwata_int"	"El Watan"	"2014-08-16 00:10:35.0"	"Greece"	"1"
"fr_DZA_elwata_int"	"El Watan"	"2015-01-27 11:02:59.0"	"Greece"	"1"
"fr_DZA_elwata_int"	"El Watan"	"2015-02-25 03:09:37.0"	"Greece"	"2"
"fr_DZA_elwata_int"	"El Watan"	"2015-06-05 00:01:45.0"	"Greece"	"1"
"fr_DZA_elwata_int"	"El Watan"	"2015-06-29 11:34:46.0"	"Greece"	"1"
"fr_DZA_elwata_int"	"El Watan"	"2014-08-25 11:26:41.0"	"Hong Kong"	"1"
"fr_DZA_elwata_int"	"El Watan"	"2014-03-27 10:17:04.0"	"India"	"1"
"fr_DZA_elwata_int"	"El Watan"	"2014-08-29 11:26:56.0"	"India"	"1"
"fr_DZA_elwata_int"	"El Watan"	"2014-09-21 11:36:59.0"	"India"	"1"
"fr_DZA_elwata_int"	"El Watan"	"2015-01-04 10:16:50.0"	"India"	"1"
"fr_DZA_elwata_int"	"El Watan"	"2014-02-07 10:21:17.0"	"Iran"	"1"
"fr_DZA_elwata_int"	"El Watan"	"2014-03-07 10:16:38.0"	"Iran"	"1"
"fr_DZA_elwata_int"	"El Watan"	"2014-03-14 10:48:36.0"	"Iran"	"1"
"fr_DZA_elwata_int"	"El Watan"	"2014-05-22 11:59:40.0"	"Iran"	"1"
"fr_DZA_elwata_int"	"El Watan"	"2014-06-10 11:19:09.0"	"Iran"	"1"
"fr_DZA_elwata_int"	"El Watan"	"2014-06-22 00:30:16.0"	"Iran"	"1"
"fr_DZA_elwata_int"	"El Watan"	"2014-08-18 11:10:39.0"	"Iran"	"1"
"fr_DZA_elwata_int"	"El Watan"	"2014-08-25 11:26:41.0"	"Iran"	"1"
"fr_DZA_elwata_int"	"El Watan"	"2014-08-31 11:58:49.0"	"Iran"	"1"
"fr_DZA_elwata_int"	"El Watan"	"2015-03-14 10:34:51.0"	"Iran"	"1"
"fr_DZA_elwata_int"	"El Watan"	"2015-03-15 10:34:56.0"	"Iran"	"1"
"fr_DZA_elwata_int"	"El Watan"	"2015-03-27 10:20:56.0"	"Iran"	"1"
"fr_DZA_elwata_int"	"El Watan"	"2015-03-29 11:21:02.0"	"Iran"	"1"
"fr_DZA_elwata_int"	"El Watan"	"2015-04-01 11:21:15.0"	"Iran"	"1"
"fr_DZA_elwata_int"	"El Watan"	"2015-04-02 11:21:20.0"	"Iran"	"1"
"fr_DZA_elwata_int"	"El Watan"	"2015-06-30 11:34:50.0"	"Iran"	"2"
"fr_DZA_elwata_int"	"El Watan"	"2014-01-07 10:42:21.0"	"Iraq"	"1"
"fr_DZA_elwata_int"	"El Watan"	"2014-01-08 10:42:06.0"	"Iraq"	"1"
"fr_DZA_elwata_int"	"El Watan"	"2014-01-10 10:56:30.0"	"Iraq"	"1"
"fr_DZA_elwata_int"	"El Watan"	"2014-02-07 10:21:17.0"	"Iraq"	"1"
"fr_DZA_elwata_int"	"El Watan"	"2014-05-11 11:15:44.0"	"Iraq"	"1"
"fr_DZA_elwata_int"	"El Watan"	"2014-06-02 11:18:18.0"	"Iraq"	"1"
"fr_DZA_elwata_int"	"El Watan"	"2014-06-12 11:21:28.0"	"Iraq"	"1"
"fr_DZA_elwata_int"	"El Watan"	"2014-06-13 11:22:07.0"	"Iraq"	"1"
"fr_DZA_elwata_int"	"El Watan"	"2014-06-22 00:30:16.0"	"Iraq"	"1"
"fr_DZA_elwata_int"	"El Watan"	"2014-06-23 11:56:34.0"	"Iraq"	"1"
"fr_DZA_elwata_int"	"El Watan"	"2014-07-02 11:57:52.0"	"Iraq"	"1"
"fr_DZA_elwata_int"	"El Watan"	"2014-07-03 11:57:56.0"	"Iraq"	"1"
"fr_DZA_elwata_int"	"El Watan"	"2014-07-04 11:57:59.0"	"Iraq"	"1"
"fr_DZA_elwata_int"	"El Watan"	"2014-07-06 00:01:18.0"	"Iraq"	"1"
"fr_DZA_elwata_int"	"El Watan"	"2014-07-08 00:01:29.0"	"Iraq"	"1"
"fr_DZA_elwata_int"	"El Watan"	"2014-07-15 02:19:56.0"	"Iraq"	"2"
"fr_DZA_elwata_int"	"El Watan"	"2014-07-20 11:21:18.0"	"Iraq"	"1"
"fr_DZA_elwata_int"	"El Watan"	"2014-07-25 00:08:31.0"	"Iraq"	"1"
"fr_DZA_elwata_int"	"El Watan"	"2014-08-09 00:10:06.0"	"Iraq"	"2"
"fr_DZA_elwata_int"	"El Watan"	"2014-08-11 11:10:14.0"	"Iraq"	"1"
"fr_DZA_elwata_int"	"El Watan"	"2014-08-14 11:10:28.0"	"Iraq"	"1"
"fr_DZA_elwata_int"	"El Watan"	"2014-08-15 11:10:30.0"	"Iraq"	"1"
"fr_DZA_elwata_int"	"El Watan"	"2014-08-16 00:10:35.0"	"Iraq"	"1"
"fr_DZA_elwata_int"	"El Watan"	"2014-08-19 11:26:05.0"	"Iraq"	"1"
"fr_DZA_elwata_int"	"El Watan"	"2014-08-21 11:26:27.0"	"Iraq"	"1"
"fr_DZA_elwata_int"	"El Watan"	"2014-09-14 11:36:27.0"	"Iraq"	"1"
"fr_DZA_elwata_int"	"El Watan"	"2014-09-17 11:36:41.0"	"Iraq"	"1"
"fr_DZA_elwata_int"	"El Watan"	"2014-09-20 11:36:55.0"	"Iraq"	"1"
"fr_DZA_elwata_int"	"El Watan"	"2014-09-25 00:08:21.0"	"Iraq"	"1"
"fr_DZA_elwata_int"	"El Watan"	"2014-11-03 11:05:39.0"	"Iraq"	"1"
"fr_DZA_elwata_int"	"El Watan"	"2014-11-14 10:38:19.0"	"Iraq"	"1"
"fr_DZA_elwata_int"	"El Watan"	"2014-11-16 10:43:56.0"	"Iraq"	"1"
"fr_DZA_elwata_int"	"El Watan"	"2014-11-21 10:44:14.0"	"Iraq"	"1"
"fr_DZA_elwata_int"	"El Watan"	"2015-02-28 10:33:56.0"	"Iraq"	"1"
"fr_DZA_elwata_int"	"El Watan"	"2015-03-07 10:40:20.0"	"Iraq"	"1"
"fr_DZA_elwata_int"	"El Watan"	"2015-03-09 10:40:27.0"	"Iraq"	"1"
"fr_DZA_elwata_int"	"El Watan"	"2015-04-09 11:21:58.0"	"Iraq"	"1"
"fr_DZA_elwata_int"	"El Watan"	"2015-06-02 00:01:33.0"	"Iraq"	"1"
"fr_DZA_elwata_int"	"El Watan"	"2015-06-03 00:01:37.0"	"Iraq"	"1"
"fr_DZA_elwata_int"	"El Watan"	"2015-06-12 11:33:25.0"	"Iraq"	"1"
"fr_DZA_elwata_int"	"El Watan"	"2015-06-24 11:34:27.0"	"Iraq"	"1"
"fr_DZA_elwata_int"	"El Watan"	"2014-01-06 10:42:32.0"	"Israel"	"1"
"fr_DZA_elwata_int"	"El Watan"	"2014-01-07 10:42:21.0"	"Israel"	"1"
"fr_DZA_elwata_int"	"El Watan"	"2014-01-12 10:56:59.0"	"Israel"	"1"
"fr_DZA_elwata_int"	"El Watan"	"2014-03-14 10:48:36.0"	"Israel"	"1"
"fr_DZA_elwata_int"	"El Watan"	"2014-03-21 10:16:31.0"	"Israel"	"1"
"fr_DZA_elwata_int"	"El Watan"	"2014-03-23 10:16:40.0"	"Israel"	"1"
"fr_DZA_elwata_int"	"El Watan"	"2014-03-24 10:16:45.0"	"Israel"	"1"
"fr_DZA_elwata_int"	"El Watan"	"2014-03-31 11:17:27.0"	"Israel"	"1"
"fr_DZA_elwata_int"	"El Watan"	"2014-04-01 17:46:39.0"	"Israel"	"1"
"fr_DZA_elwata_int"	"El Watan"	"2014-04-05 11:47:05.0"	"Israel"	"1"
"fr_DZA_elwata_int"	"El Watan"	"2014-04-10 11:42:45.0"	"Israel"	"1"
"fr_DZA_elwata_int"	"El Watan"	"2014-04-19 11:21:07.0"	"Israel"	"1"
"fr_DZA_elwata_int"	"El Watan"	"2014-04-24 13:19:31.0"	"Israel"	"4"
"fr_DZA_elwata_int"	"El Watan"	"2014-04-25 11:19:35.0"	"Israel"	"1"
"fr_DZA_elwata_int"	"El Watan"	"2014-05-17 00:10:25.0"	"Israel"	"1"
"fr_DZA_elwata_int"	"El Watan"	"2014-05-22 11:59:40.0"	"Israel"	"1"
"fr_DZA_elwata_int"	"El Watan"	"2014-06-07 11:18:49.0"	"Israel"	"1"
"fr_DZA_elwata_int"	"El Watan"	"2014-06-22 00:30:16.0"	"Israel"	"2"
"fr_DZA_elwata_int"	"El Watan"	"2014-07-06 00:01:18.0"	"Israel"	"1"
"fr_DZA_elwata_int"	"El Watan"	"2014-07-09 00:01:34.0"	"Israel"	"1"
"fr_DZA_elwata_int"	"El Watan"	"2014-07-10 00:03:04.0"	"Israel"	"1"
"fr_DZA_elwata_int"	"El Watan"	"2014-07-15 02:19:56.0"	"Israel"	"2"
"fr_DZA_elwata_int"	"El Watan"	"2014-07-17 18:20:11.0"	"Israel"	"1"
"fr_DZA_elwata_int"	"El Watan"	"2014-07-19 11:21:14.0"	"Israel"	"1"
"fr_DZA_elwata_int"	"El Watan"	"2014-07-22 11:21:55.0"	"Israel"	"1"
"fr_DZA_elwata_int"	"El Watan"	"2014-07-23 11:21:59.0"	"Israel"	"2"
"fr_DZA_elwata_int"	"El Watan"	"2014-07-24 00:08:24.0"	"Israel"	"1"
"fr_DZA_elwata_int"	"El Watan"	"2014-07-27 11:24:07.0"	"Israel"	"1"
"fr_DZA_elwata_int"	"El Watan"	"2014-07-30 11:32:46.0"	"Israel"	"1"
"fr_DZA_elwata_int"	"El Watan"	"2014-07-31 11:32:50.0"	"Israel"	"2"
"fr_DZA_elwata_int"	"El Watan"	"2014-08-01 11:32:54.0"	"Israel"	"1"
"fr_DZA_elwata_int"	"El Watan"	"2014-08-03 11:33:03.0"	"Israel"	"1"
"fr_DZA_elwata_int"	"El Watan"	"2014-08-07 11:33:21.0"	"Israel"	"1"
"fr_DZA_elwata_int"	"El Watan"	"2014-08-09 00:10:06.0"	"Israel"	"1"
"fr_DZA_elwata_int"	"El Watan"	"2014-08-12 11:10:19.0"	"Israel"	"1"
"fr_DZA_elwata_int"	"El Watan"	"2014-08-20 11:26:16.0"	"Israel"	"1"
"fr_DZA_elwata_int"	"El Watan"	"2014-08-25 11:26:41.0"	"Israel"	"1"
"fr_DZA_elwata_int"	"El Watan"	"2014-09-06 11:59:53.0"	"Israel"	"1"
"fr_DZA_elwata_int"	"El Watan"	"2014-10-18 11:20:36.0"	"Israel"	"1"
"fr_DZA_elwata_int"	"El Watan"	"2014-11-05 11:05:47.0"	"Israel"	"1"
"fr_DZA_elwata_int"	"El Watan"	"2014-11-17 10:43:58.0"	"Israel"	"2"
"fr_DZA_elwata_int"	"El Watan"	"2014-11-18 10:44:03.0"	"Israel"	"1"
"fr_DZA_elwata_int"	"El Watan"	"2014-11-19 10:44:07.0"	"Israel"	"1"
"fr_DZA_elwata_int"	"El Watan"	"2014-12-03 10:45:57.0"	"Israel"	"1"
"fr_DZA_elwata_int"	"El Watan"	"2014-12-09 10:46:19.0"	"Israel"	"1"
"fr_DZA_elwata_int"	"El Watan"	"2014-12-10 10:46:23.0"	"Israel"	"1"
"fr_DZA_elwata_int"	"El Watan"	"2014-12-11 10:41:42.0"	"Israel"	"1"
"fr_DZA_elwata_int"	"El Watan"	"2014-12-12 10:41:50.0"	"Israel"	"1"
"fr_DZA_elwata_int"	"El Watan"	"2014-12-14 10:42:00.0"	"Israel"	"1"
"fr_DZA_elwata_int"	"El Watan"	"2014-12-21 10:59:45.0"	"Israel"	"1"
"fr_DZA_elwata_int"	"El Watan"	"2014-12-27 11:00:04.0"	"Israel"	"1"
"fr_DZA_elwata_int"	"El Watan"	"2015-01-05 10:16:55.0"	"Israel"	"1"
"fr_DZA_elwata_int"	"El Watan"	"2015-01-19 10:58:53.0"	"Israel"	"1"
"fr_DZA_elwata_int"	"El Watan"	"2015-03-17 10:35:14.0"	"Israel"	"1"
"fr_DZA_elwata_int"	"El Watan"	"2015-03-18 17:36:47.0"	"Israel"	"1"
"fr_DZA_elwata_int"	"El Watan"	"2015-05-11 11:44:02.0"	"Israel"	"1"
"fr_DZA_elwata_int"	"El Watan"	"2015-05-17 11:44:26.0"	"Israel"	"1"
"fr_DZA_elwata_int"	"El Watan"	"2015-06-30 11:34:50.0"	"Israel"	"1"
"fr_DZA_elwata_int"	"El Watan"	"2014-01-25 10:26:10.0"	"Italy"	"1"
"fr_DZA_elwata_int"	"El Watan"	"2014-03-10 16:16:49.0"	"Italy"	"1"
"fr_DZA_elwata_int"	"El Watan"	"2014-03-13 00:35:09.0"	"Italy"	"1"
"fr_DZA_elwata_int"	"El Watan"	"2014-04-09 11:42:41.0"	"Italy"	"1"
"fr_DZA_elwata_int"	"El Watan"	"2014-06-14 11:22:13.0"	"Italy"	"1"
"fr_DZA_elwata_int"	"El Watan"	"2014-07-08 00:01:29.0"	"Italy"	"1"
"fr_DZA_elwata_int"	"El Watan"	"2014-07-19 11:21:14.0"	"Italy"	"1"
"fr_DZA_elwata_int"	"El Watan"	"2014-10-18 11:20:36.0"	"Italy"	"1"
"fr_DZA_elwata_int"	"El Watan"	"2014-11-11 10:38:09.0"	"Italy"	"1"
"fr_DZA_elwata_int"	"El Watan"	"2015-01-05 10:16:55.0"	"Italy"	"1"
"fr_DZA_elwata_int"	"El Watan"	"2015-02-01 10:10:29.0"	"Italy"	"1"
"fr_DZA_elwata_int"	"El Watan"	"2015-02-16 10:11:38.0"	"Italy"	"1"
"fr_DZA_elwata_int"	"El Watan"	"2015-02-20 10:12:50.0"	"Italy"	"1"
"fr_DZA_elwata_int"	"El Watan"	"2015-03-04 10:40:07.0"	"Italy"	"1"
"fr_DZA_elwata_int"	"El Watan"	"2015-03-09 10:40:27.0"	"Italy"	"1"
"fr_DZA_elwata_int"	"El Watan"	"2015-05-04 11:43:34.0"	"Italy"	"1"
"fr_DZA_elwata_int"	"El Watan"	"2015-06-15 11:33:44.0"	"Italy"	"1"
"fr_DZA_elwata_int"	"El Watan"	"2014-04-28 11:19:48.0"	"Jordan"	"1"
"fr_DZA_elwata_int"	"El Watan"	"2014-05-15 11:10:16.0"	"Jordan"	"1"
"fr_DZA_elwata_int"	"El Watan"	"2015-02-05 10:12:36.0"	"Jordan"	"1"
"fr_DZA_elwata_int"	"El Watan"	"2014-02-10 10:21:58.0"	"Japan"	"1"
"fr_DZA_elwata_int"	"El Watan"	"2014-06-23 11:56:34.0"	"Japan"	"1"
"fr_DZA_elwata_int"	"El Watan"	"2014-07-08 00:01:29.0"	"Japan"	"1"
"fr_DZA_elwata_int"	"El Watan"	"2014-08-28 11:26:53.0"	"Japan"	"1"
"fr_DZA_elwata_int"	"El Watan"	"2014-09-11 00:36:12.0"	"Japan"	"1"
"fr_DZA_elwata_int"	"El Watan"	"2014-05-16 17:10:22.0"	"Kenya"	"3"
"fr_DZA_elwata_int"	"El Watan"	"2015-04-03 11:21:25.0"	"Kenya"	"1"
"fr_DZA_elwata_int"	"El Watan"	"2015-04-13 11:37:00.0"	"Kenya"	"1"
"fr_DZA_elwata_int"	"El Watan"	"2014-02-07 10:21:17.0"	"Cambodia"	"1"
"fr_DZA_elwata_int"	"El Watan"	"2014-02-26 10:56:03.0"	"South Korea"	"1"
"fr_DZA_elwata_int"	"El Watan"	"2014-08-15 11:10:30.0"	"South Korea"	"2"
"fr_DZA_elwata_int"	"El Watan"	"2014-01-10 10:56:30.0"	"Kuwait"	"1"
"fr_DZA_elwata_int"	"El Watan"	"2015-02-02 10:12:21.0"	"Kuwait"	"1"
"fr_DZA_elwata_int"	"El Watan"	"2015-06-26 14:34:33.0"	"Kuwait"	"1"
"fr_DZA_elwata_int"	"El Watan"	"2014-01-03 10:42:09.0"	"Lebanon"	"1"
"fr_DZA_elwata_int"	"El Watan"	"2014-01-04 10:41:55.0"	"Lebanon"	"1"
"fr_DZA_elwata_int"	"El Watan"	"2014-01-17 10:26:24.0"	"Lebanon"	"1"
"fr_DZA_elwata_int"	"El Watan"	"2014-01-24 10:26:06.0"	"Lebanon"	"1"
"fr_DZA_elwata_int"	"El Watan"	"2014-02-19 14:55:53.0"	"Lebanon"	"3"
"fr_DZA_elwata_int"	"El Watan"	"2014-02-21 10:55:45.0"	"Lebanon"	"1"
"fr_DZA_elwata_int"	"El Watan"	"2014-03-21 10:16:31.0"	"Lebanon"	"1"
"fr_DZA_elwata_int"	"El Watan"	"2014-05-13 11:15:51.0"	"Lebanon"	"1"
"fr_DZA_elwata_int"	"El Watan"	"2014-08-08 11:10:00.0"	"Lebanon"	"1"
"fr_DZA_elwata_int"	"El Watan"	"2014-09-06 11:59:53.0"	"Lebanon"	"1"
"fr_DZA_elwata_int"	"El Watan"	"2014-10-08 11:17:55.0"	"Lebanon"	"1"
"fr_DZA_elwata_int"	"El Watan"	"2014-10-22 11:20:54.0"	"Lebanon"	"1"
"fr_DZA_elwata_int"	"El Watan"	"2014-10-26 10:21:11.0"	"Lebanon"	"1"
"fr_DZA_elwata_int"	"El Watan"	"2014-12-13 10:41:54.0"	"Lebanon"	"1"
"fr_DZA_elwata_int"	"El Watan"	"2015-01-04 10:16:50.0"	"Lebanon"	"1"
"fr_DZA_elwata_int"	"El Watan"	"2014-08-03 11:33:03.0"	"Liberia"	"1"
"fr_DZA_elwata_int"	"El Watan"	"2014-01-02 10:43:33.0"	"Libya"	"1"
"fr_DZA_elwata_int"	"El Watan"	"2014-01-12 10:56:59.0"	"Libya"	"1"
"fr_DZA_elwata_int"	"El Watan"	"2014-01-13 11:47:24.0"	"Libya"	"1"
"fr_DZA_elwata_int"	"El Watan"	"2014-01-20 10:25:43.0"	"Libya"	"1"
"fr_DZA_elwata_int"	"El Watan"	"2014-01-22 10:25:52.0"	"Libya"	"1"
"fr_DZA_elwata_int"	"El Watan"	"2014-01-23 10:25:58.0"	"Libya"	"1"
"fr_DZA_elwata_int"	"El Watan"	"2014-01-24 10:26:06.0"	"Libya"	"1"
"fr_DZA_elwata_int"	"El Watan"	"2014-01-27 10:27:52.0"	"Libya"	"1"
"fr_DZA_elwata_int"	"El Watan"	"2014-02-08 10:21:06.0"	"Libya"	"1"
"fr_DZA_elwata_int"	"El Watan"	"2014-02-15 10:56:00.0"	"Libya"	"1"
"fr_DZA_elwata_int"	"El Watan"	"2014-02-17 10:56:06.0"	"Libya"	"1"
"fr_DZA_elwata_int"	"El Watan"	"2014-02-21 10:55:45.0"	"Libya"	"1"
"fr_DZA_elwata_int"	"El Watan"	"2014-02-22 10:55:35.0"	"Libya"	"1"
"fr_DZA_elwata_int"	"El Watan"	"2014-03-04 10:16:34.0"	"Libya"	"1"
"fr_DZA_elwata_int"	"El Watan"	"2014-03-07 10:16:38.0"	"Libya"	"1"
"fr_DZA_elwata_int"	"El Watan"	"2014-03-10 10:16:52.0"	"Libya"	"1"
"fr_DZA_elwata_int"	"El Watan"	"2014-03-13 00:37:58.0"	"Libya"	"1"
"fr_DZA_elwata_int"	"El Watan"	"2014-03-19 16:16:20.0"	"Libya"	"1"
"fr_DZA_elwata_int"	"El Watan"	"2014-03-24 10:16:45.0"	"Libya"	"1"
"fr_DZA_elwata_int"	"El Watan"	"2014-04-09 11:42:41.0"	"Libya"	"1"
"fr_DZA_elwata_int"	"El Watan"	"2014-04-15 11:44:31.0"	"Libya"	"1"
"fr_DZA_elwata_int"	"El Watan"	"2014-04-23 11:19:27.0"	"Libya"	"1"
"fr_DZA_elwata_int"	"El Watan"	"2014-05-04 11:34:56.0"	"Libya"	"2"
"fr_DZA_elwata_int"	"El Watan"	"2014-05-05 11:35:09.0"	"Libya"	"1"
"fr_DZA_elwata_int"	"El Watan"	"2014-05-10 00:15:41.0"	"Libya"	"1"
"fr_DZA_elwata_int"	"El Watan"	"2014-05-15 11:10:16.0"	"Libya"	"1"
"fr_DZA_elwata_int"	"El Watan"	"2014-05-19 11:10:33.0"	"Libya"	"1"
"fr_DZA_elwata_int"	"El Watan"	"2014-05-20 11:55:18.0"	"Libya"	"2"
"fr_DZA_elwata_int"	"El Watan"	"2014-05-21 11:59:37.0"	"Libya"	"1"
"fr_DZA_elwata_int"	"El Watan"	"2014-05-23 11:59:45.0"	"Libya"	"1"
"fr_DZA_elwata_int"	"El Watan"	"2014-05-24 11:59:49.0"	"Libya"	"1"
"fr_DZA_elwata_int"	"El Watan"	"2014-05-25 11:59:54.0"	"Libya"	"1"
"fr_DZA_elwata_int"	"El Watan"	"2014-05-26 11:59:58.0"	"Libya"	"1"
"fr_DZA_elwata_int"	"El Watan"	"2014-05-29 00:00:14.0"	"Libya"	"1"
"fr_DZA_elwata_int"	"El Watan"	"2014-06-01 00:00:27.0"	"Libya"	"1"
"fr_DZA_elwata_int"	"El Watan"	"2014-06-03 11:18:24.0"	"Libya"	"1"
"fr_DZA_elwata_int"	"El Watan"	"2014-06-08 11:19:00.0"	"Libya"	"1"
"fr_DZA_elwata_int"	"El Watan"	"2014-06-22 00:30:16.0"	"Libya"	"1"
"fr_DZA_elwata_int"	"El Watan"	"2014-06-24 11:57:17.0"	"Libya"	"1"
"fr_DZA_elwata_int"	"El Watan"	"2014-06-25 11:57:23.0"	"Libya"	"1"
"fr_DZA_elwata_int"	"El Watan"	"2014-06-26 11:57:27.0"	"Libya"	"1"
"fr_DZA_elwata_int"	"El Watan"	"2014-06-29 11:57:40.0"	"Libya"	"1"
"fr_DZA_elwata_int"	"El Watan"	"2014-06-30 11:57:44.0"	"Libya"	"2"
"fr_DZA_elwata_int"	"El Watan"	"2014-07-08 00:01:29.0"	"Libya"	"1"
"fr_DZA_elwata_int"	"El Watan"	"2014-07-15 11:20:02.0"	"Libya"	"1"
"fr_DZA_elwata_int"	"El Watan"	"2014-07-17 11:20:10.0"	"Libya"	"1"
"fr_DZA_elwata_int"	"El Watan"	"2014-07-22 11:21:55.0"	"Libya"	"1"
"fr_DZA_elwata_int"	"El Watan"	"2014-07-24 00:08:24.0"	"Libya"	"1"
"fr_DZA_elwata_int"	"El Watan"	"2014-07-26 11:24:02.0"	"Libya"	"1"
"fr_DZA_elwata_int"	"El Watan"	"2014-07-27 11:24:07.0"	"Libya"	"2"
"fr_DZA_elwata_int"	"El Watan"	"2014-07-28 11:24:13.0"	"Libya"	"2"
"fr_DZA_elwata_int"	"El Watan"	"2014-07-30 11:32:46.0"	"Libya"	"1"
"fr_DZA_elwata_int"	"El Watan"	"2014-07-31 11:32:50.0"	"Libya"	"1"
"fr_DZA_elwata_int"	"El Watan"	"2014-08-04 11:33:07.0"	"Libya"	"1"
"fr_DZA_elwata_int"	"El Watan"	"2014-08-08 11:10:00.0"	"Libya"	"1"
"fr_DZA_elwata_int"	"El Watan"	"2014-08-13 11:10:24.0"	"Libya"	"1"
"fr_DZA_elwata_int"	"El Watan"	"2014-08-18 11:10:39.0"	"Libya"	"1"
"fr_DZA_elwata_int"	"El Watan"	"2014-08-19 11:26:05.0"	"Libya"	"1"
"fr_DZA_elwata_int"	"El Watan"	"2014-08-21 20:26:28.0"	"Libya"	"1"
"fr_DZA_elwata_int"	"El Watan"	"2014-08-22 11:26:29.0"	"Libya"	"1"
"fr_DZA_elwata_int"	"El Watan"	"2014-08-28 11:26:53.0"	"Libya"	"1"
"fr_DZA_elwata_int"	"El Watan"	"2014-08-30 11:26:59.0"	"Libya"	"1"
"fr_DZA_elwata_int"	"El Watan"	"2014-09-01 11:58:53.0"	"Libya"	"1"
"fr_DZA_elwata_int"	"El Watan"	"2014-09-02 11:59:09.0"	"Libya"	"1"
"fr_DZA_elwata_int"	"El Watan"	"2014-09-05 11:59:22.0"	"Libya"	"1"
"fr_DZA_elwata_int"	"El Watan"	"2014-09-16 11:36:36.0"	"Libya"	"1"
"fr_DZA_elwata_int"	"El Watan"	"2014-09-24 00:08:17.0"	"Libya"	"1"
"fr_DZA_elwata_int"	"El Watan"	"2014-10-02 11:17:31.0"	"Libya"	"1"
"fr_DZA_elwata_int"	"El Watan"	"2014-10-13 11:18:11.0"	"Libya"	"1"
"fr_DZA_elwata_int"	"El Watan"	"2014-10-23 11:20:58.0"	"Libya"	"1"
"fr_DZA_elwata_int"	"El Watan"	"2014-10-26 10:21:11.0"	"Libya"	"1"
"fr_DZA_elwata_int"	"El Watan"	"2014-10-30 11:04:58.0"	"Libya"	"1"
"fr_DZA_elwata_int"	"El Watan"	"2014-11-04 11:05:44.0"	"Libya"	"2"
"fr_DZA_elwata_int"	"El Watan"	"2014-11-07 10:37:50.0"	"Libya"	"1"
"fr_DZA_elwata_int"	"El Watan"	"2014-11-08 10:37:56.0"	"Libya"	"1"
"fr_DZA_elwata_int"	"El Watan"	"2014-11-10 10:38:05.0"	"Libya"	"1"
"fr_DZA_elwata_int"	"El Watan"	"2014-11-12 10:38:12.0"	"Libya"	"1"
"fr_DZA_elwata_int"	"El Watan"	"2014-11-17 10:43:58.0"	"Libya"	"1"
"fr_DZA_elwata_int"	"El Watan"	"2014-12-06 10:46:09.0"	"Libya"	"1"
"fr_DZA_elwata_int"	"El Watan"	"2014-12-09 10:46:19.0"	"Libya"	"1"
"fr_DZA_elwata_int"	"El Watan"	"2014-12-15 10:42:05.0"	"Libya"	"1"
"fr_DZA_elwata_int"	"El Watan"	"2014-12-24 10:59:54.0"	"Libya"	"1"
"fr_DZA_elwata_int"	"El Watan"	"2014-12-25 17:59:59.0"	"Libya"	"1"
"fr_DZA_elwata_int"	"El Watan"	"2014-12-28 11:00:08.0"	"Libya"	"1"
"fr_DZA_elwata_int"	"El Watan"	"2014-12-29 11:00:14.0"	"Libya"	"1"
"fr_DZA_elwata_int"	"El Watan"	"2015-01-02 10:24:34.0"	"Libya"	"1"
"fr_DZA_elwata_int"	"El Watan"	"2015-01-06 10:16:58.0"	"Libya"	"1"
"fr_DZA_elwata_int"	"El Watan"	"2015-01-08 10:17:05.0"	"Libya"	"1"
"fr_DZA_elwata_int"	"El Watan"	"2015-01-10 10:17:15.0"	"Libya"	"1"
"fr_DZA_elwata_int"	"El Watan"	"2015-01-11 10:17:19.0"	"Libya"	"1"
"fr_DZA_elwata_int"	"El Watan"	"2015-01-14 10:58:26.0"	"Libya"	"1"
"fr_DZA_elwata_int"	"El Watan"	"2015-01-17 10:58:30.0"	"Libya"	"1"
"fr_DZA_elwata_int"	"El Watan"	"2015-01-18 10:58:49.0"	"Libya"	"1"
"fr_DZA_elwata_int"	"El Watan"	"2015-01-19 10:58:53.0"	"Libya"	"1"
"fr_DZA_elwata_int"	"El Watan"	"2015-01-29 09:10:17.0"	"Libya"	"1"
"fr_DZA_elwata_int"	"El Watan"	"2015-01-31 10:10:25.0"	"Libya"	"1"
"fr_DZA_elwata_int"	"El Watan"	"2015-02-06 10:12:41.0"	"Libya"	"1"
"fr_DZA_elwata_int"	"El Watan"	"2015-02-09 10:49:14.0"	"Libya"	"1"
"fr_DZA_elwata_int"	"El Watan"	"2015-02-14 10:11:30.0"	"Libya"	"1"
"fr_DZA_elwata_int"	"El Watan"	"2015-02-16 10:11:38.0"	"Libya"	"1"
"fr_DZA_elwata_int"	"El Watan"	"2015-02-17 11:11:42.0"	"Libya"	"1"
"fr_DZA_elwata_int"	"El Watan"	"2015-02-19 10:11:49.0"	"Libya"	"1"
"fr_DZA_elwata_int"	"El Watan"	"2015-02-20 10:12:50.0"	"Libya"	"1"
"fr_DZA_elwata_int"	"El Watan"	"2015-02-21 10:12:54.0"	"Libya"	"2"
"fr_DZA_elwata_int"	"El Watan"	"2015-02-22 10:12:58.0"	"Libya"	"1"
"fr_DZA_elwata_int"	"El Watan"	"2015-02-25 03:09:37.0"	"Libya"	"3"
"fr_DZA_elwata_int"	"El Watan"	"2015-02-28 10:33:56.0"	"Libya"	"1"
"fr_DZA_elwata_int"	"El Watan"	"2015-03-02 10:55:57.0"	"Libya"	"1"
"fr_DZA_elwata_int"	"El Watan"	"2015-03-03 10:39:56.0"	"Libya"	"1"
"fr_DZA_elwata_int"	"El Watan"	"2015-03-04 10:40:07.0"	"Libya"	"1"
"fr_DZA_elwata_int"	"El Watan"	"2015-03-07 10:40:20.0"	"Libya"	"1"
"fr_DZA_elwata_int"	"El Watan"	"2015-03-08 10:40:24.0"	"Libya"	"1"
"fr_DZA_elwata_int"	"El Watan"	"2015-03-10 10:40:31.0"	"Libya"	"1"
"fr_DZA_elwata_int"	"El Watan"	"2015-03-13 10:34:45.0"	"Libya"	"1"
"fr_DZA_elwata_int"	"El Watan"	"2015-03-17 10:35:14.0"	"Libya"	"1"
"fr_DZA_elwata_int"	"El Watan"	"2015-03-24 10:20:40.0"	"Libya"	"1"
"fr_DZA_elwata_int"	"El Watan"	"2015-04-08 11:21:52.0"	"Libya"	"1"
"fr_DZA_elwata_int"	"El Watan"	"2015-04-14 11:37:08.0"	"Libya"	"1"
"fr_DZA_elwata_int"	"El Watan"	"2015-04-19 11:37:35.0"	"Libya"	"1"
"fr_DZA_elwata_int"	"El Watan"	"2015-04-20 11:37:39.0"	"Libya"	"2"
"fr_DZA_elwata_int"	"El Watan"	"2015-05-18 11:44:31.0"	"Libya"	"1"
"fr_DZA_elwata_int"	"El Watan"	"2015-05-19 19:27:33.0"	"Libya"	"1"
"fr_DZA_elwata_int"	"El Watan"	"2015-05-23 00:00:49.0"	"Libya"	"1"
"fr_DZA_elwata_int"	"El Watan"	"2015-05-28 11:22:16.0"	"Libya"	"1"
"fr_DZA_elwata_int"	"El Watan"	"2015-05-30 11:22:25.0"	"Libya"	"1"
"fr_DZA_elwata_int"	"El Watan"	"2015-06-02 00:01:33.0"	"Libya"	"1"
"fr_DZA_elwata_int"	"El Watan"	"2015-06-04 00:01:40.0"	"Libya"	"1"
"fr_DZA_elwata_int"	"El Watan"	"2015-06-09 17:57:27.0"	"Libya"	"1"
"fr_DZA_elwata_int"	"El Watan"	"2015-06-11 11:57:32.0"	"Libya"	"1"
"fr_DZA_elwata_int"	"El Watan"	"2015-06-12 20:33:28.0"	"Libya"	"1"
"fr_DZA_elwata_int"	"El Watan"	"2015-06-14 11:33:40.0"	"Libya"	"1"
"fr_DZA_elwata_int"	"El Watan"	"2015-06-16 11:33:50.0"	"Libya"	"1"
"fr_DZA_elwata_int"	"El Watan"	"2015-06-19 11:34:10.0"	"Libya"	"1"
"fr_DZA_elwata_int"	"El Watan"	"2015-06-20 11:34:13.0"	"Libya"	"1"
"fr_DZA_elwata_int"	"El Watan"	"2014-03-19 16:16:20.0"	"Sri Lanka"	"1"
"fr_DZA_elwata_int"	"El Watan"	"2014-08-25 11:26:41.0"	"Macau"	"1"
"fr_DZA_elwata_int"	"El Watan"	"2014-02-13 10:21:57.0"	"Morocco"	"1"
"fr_DZA_elwata_int"	"El Watan"	"2014-02-23 10:55:41.0"	"Morocco"	"1"
"fr_DZA_elwata_int"	"El Watan"	"2014-02-25 10:55:59.0"	"Morocco"	"1"
"fr_DZA_elwata_int"	"El Watan"	"2014-03-06 10:16:33.0"	"Morocco"	"1"
"fr_DZA_elwata_int"	"El Watan"	"2014-03-07 10:16:38.0"	"Morocco"	"1"
"fr_DZA_elwata_int"	"El Watan"	"2014-03-20 16:16:27.0"	"Morocco"	"2"
"fr_DZA_elwata_int"	"El Watan"	"2014-03-22 11:16:36.0"	"Morocco"	"1"
"fr_DZA_elwata_int"	"El Watan"	"2014-03-28 10:17:10.0"	"Morocco"	"1"
"fr_DZA_elwata_int"	"El Watan"	"2014-04-05 11:47:05.0"	"Morocco"	"1"
"fr_DZA_elwata_int"	"El Watan"	"2014-04-26 11:19:40.0"	"Morocco"	"1"
"fr_DZA_elwata_int"	"El Watan"	"2014-04-30 11:20:30.0"	"Morocco"	"1"
"fr_DZA_elwata_int"	"El Watan"	"2014-05-31 00:00:22.0"	"Morocco"	"1"
"fr_DZA_elwata_int"	"El Watan"	"2014-06-02 11:18:18.0"	"Morocco"	"1"
"fr_DZA_elwata_int"	"El Watan"	"2014-06-03 11:18:24.0"	"Morocco"	"1"
"fr_DZA_elwata_int"	"El Watan"	"2014-06-14 11:18:43.0"	"Morocco"	"1"
"fr_DZA_elwata_int"	"El Watan"	"2014-06-29 11:57:40.0"	"Morocco"	"1"
"fr_DZA_elwata_int"	"El Watan"	"2014-07-01 11:57:48.0"	"Morocco"	"1"
"fr_DZA_elwata_int"	"El Watan"	"2014-07-03 11:57:56.0"	"Morocco"	"1"
"fr_DZA_elwata_int"	"El Watan"	"2014-07-20 11:21:18.0"	"Morocco"	"1"
"fr_DZA_elwata_int"	"El Watan"	"2014-07-21 11:21:52.0"	"Morocco"	"1"
"fr_DZA_elwata_int"	"El Watan"	"2014-07-28 11:24:13.0"	"Morocco"	"1"
"fr_DZA_elwata_int"	"El Watan"	"2014-07-30 11:32:46.0"	"Morocco"	"1"
"fr_DZA_elwata_int"	"El Watan"	"2014-08-05 11:33:11.0"	"Morocco"	"1"
"fr_DZA_elwata_int"	"El Watan"	"2014-08-09 00:10:06.0"	"Morocco"	"1"
"fr_DZA_elwata_int"	"El Watan"	"2014-08-13 11:10:24.0"	"Morocco"	"1"
"fr_DZA_elwata_int"	"El Watan"	"2014-08-19 11:26:05.0"	"Morocco"	"1"
"fr_DZA_elwata_int"	"El Watan"	"2014-08-21 18:26:28.0"	"Morocco"	"1"
"fr_DZA_elwata_int"	"El Watan"	"2014-08-22 11:26:29.0"	"Morocco"	"1"
"fr_DZA_elwata_int"	"El Watan"	"2014-08-25 11:26:41.0"	"Morocco"	"1"
"fr_DZA_elwata_int"	"El Watan"	"2014-08-30 16:26:59.0"	"Morocco"	"1"
"fr_DZA_elwata_int"	"El Watan"	"2014-08-31 11:58:49.0"	"Morocco"	"1"
"fr_DZA_elwata_int"	"El Watan"	"2014-09-21 11:36:59.0"	"Morocco"	"1"
"fr_DZA_elwata_int"	"El Watan"	"2014-09-30 11:17:24.0"	"Morocco"	"1"
"fr_DZA_elwata_int"	"El Watan"	"2014-10-26 10:21:11.0"	"Morocco"	"1"
"fr_DZA_elwata_int"	"El Watan"	"2014-10-27 10:21:14.0"	"Morocco"	"1"
"fr_DZA_elwata_int"	"El Watan"	"2014-11-22 10:44:18.0"	"Morocco"	"1"
"fr_DZA_elwata_int"	"El Watan"	"2014-11-26 10:45:33.0"	"Morocco"	"1"
"fr_DZA_elwata_int"	"El Watan"	"2014-12-01 00:45:59.0"	"Morocco"	"3"
"fr_DZA_elwata_int"	"El Watan"	"2014-12-02 10:45:54.0"	"Morocco"	"1"
"fr_DZA_elwata_int"	"El Watan"	"2014-12-07 10:46:12.0"	"Morocco"	"1"
"fr_DZA_elwata_int"	"El Watan"	"2014-12-09 10:46:19.0"	"Morocco"	"1"
"fr_DZA_elwata_int"	"El Watan"	"2014-12-14 10:42:00.0"	"Morocco"	"1"
"fr_DZA_elwata_int"	"El Watan"	"2014-12-17 10:42:26.0"	"Morocco"	"1"
"fr_DZA_elwata_int"	"El Watan"	"2014-12-27 11:00:04.0"	"Morocco"	"1"
"fr_DZA_elwata_int"	"El Watan"	"2015-01-26 23:02:57.0"	"Morocco"	"2"
"fr_DZA_elwata_int"	"El Watan"	"2015-02-15 10:11:34.0"	"Morocco"	"1"
"fr_DZA_elwata_int"	"El Watan"	"2015-02-17 10:11:42.0"	"Morocco"	"1"
"fr_DZA_elwata_int"	"El Watan"	"2015-02-18 10:11:46.0"	"Morocco"	"1"
"fr_DZA_elwata_int"	"El Watan"	"2015-02-19 10:11:49.0"	"Morocco"	"3"
"fr_DZA_elwata_int"	"El Watan"	"2015-02-21 10:12:54.0"	"Morocco"	"1"
"fr_DZA_elwata_int"	"El Watan"	"2015-03-07 10:40:20.0"	"Morocco"	"1"
"fr_DZA_elwata_int"	"El Watan"	"2015-03-10 10:40:31.0"	"Morocco"	"1"
"fr_DZA_elwata_int"	"El Watan"	"2015-03-13 10:34:45.0"	"Morocco"	"1"
"fr_DZA_elwata_int"	"El Watan"	"2015-03-26 10:20:52.0"	"Morocco"	"1"
"fr_DZA_elwata_int"	"El Watan"	"2015-04-02 11:21:20.0"	"Morocco"	"1"
"fr_DZA_elwata_int"	"El Watan"	"2015-04-08 11:21:52.0"	"Morocco"	"1"
"fr_DZA_elwata_int"	"El Watan"	"2015-04-11 11:22:06.0"	"Morocco"	"1"
"fr_DZA_elwata_int"	"El Watan"	"2015-04-12 11:22:08.0"	"Morocco"	"1"
"fr_DZA_elwata_int"	"El Watan"	"2015-04-27 00:06:55.0"	"Morocco"	"1"
"fr_DZA_elwata_int"	"El Watan"	"2015-04-28 11:43:16.0"	"Morocco"	"1"
"fr_DZA_elwata_int"	"El Watan"	"2015-05-11 11:44:02.0"	"Morocco"	"1"
"fr_DZA_elwata_int"	"El Watan"	"2015-05-16 11:44:24.0"	"Morocco"	"1"
"fr_DZA_elwata_int"	"El Watan"	"2015-05-20 11:27:43.0"	"Morocco"	"2"
"fr_DZA_elwata_int"	"El Watan"	"2015-05-25 11:18:18.0"	"Morocco"	"1"
"fr_DZA_elwata_int"	"El Watan"	"2015-06-18 11:34:06.0"	"Morocco"	"1"
"fr_DZA_elwata_int"	"El Watan"	"2014-08-25 11:26:41.0"	"Mexico"	"1"
"fr_DZA_elwata_int"	"El Watan"	"2014-02-07 10:21:17.0"	"Mali"	"1"
"fr_DZA_elwata_int"	"El Watan"	"2014-02-12 10:22:09.0"	"Mali"	"1"
"fr_DZA_elwata_int"	"El Watan"	"2014-04-25 11:19:35.0"	"Mali"	"1"
"fr_DZA_elwata_int"	"El Watan"	"2014-05-18 11:10:29.0"	"Mali"	"1"
"fr_DZA_elwata_int"	"El Watan"	"2014-05-22 11:59:40.0"	"Mali"	"3"
"fr_DZA_elwata_int"	"El Watan"	"2014-05-24 11:59:49.0"	"Mali"	"1"
"fr_DZA_elwata_int"	"El Watan"	"2014-05-25 11:59:54.0"	"Mali"	"1"
"fr_DZA_elwata_int"	"El Watan"	"2014-07-11 00:06:29.0"	"Mali"	"1"
"fr_DZA_elwata_int"	"El Watan"	"2014-07-15 02:19:56.0"	"Mali"	"1"
"fr_DZA_elwata_int"	"El Watan"	"2014-07-18 11:20:14.0"	"Mali"	"1"
"fr_DZA_elwata_int"	"El Watan"	"2014-08-12 19:10:20.0"	"Mali"	"3"
"fr_DZA_elwata_int"	"El Watan"	"2014-10-10 11:18:02.0"	"Mali"	"1"
"fr_DZA_elwata_int"	"El Watan"	"2014-10-24 17:21:03.0"	"Mali"	"1"
"fr_DZA_elwata_int"	"El Watan"	"2014-11-21 10:44:14.0"	"Mali"	"1"
"fr_DZA_elwata_int"	"El Watan"	"2014-12-13 10:41:54.0"	"Mali"	"1"
"fr_DZA_elwata_int"	"El Watan"	"2014-12-15 10:42:05.0"	"Mali"	"1"
"fr_DZA_elwata_int"	"El Watan"	"2014-12-18 10:42:28.0"	"Mali"	"1"
"fr_DZA_elwata_int"	"El Watan"	"2015-01-09 10:17:09.0"	"Mali"	"1"
"fr_DZA_elwata_int"	"El Watan"	"2015-01-10 10:17:15.0"	"Mali"	"1"
"fr_DZA_elwata_int"	"El Watan"	"2015-01-26 23:02:57.0"	"Mali"	"1"
"fr_DZA_elwata_int"	"El Watan"	"2015-01-29 09:10:17.0"	"Mali"	"1"
"fr_DZA_elwata_int"	"El Watan"	"2015-02-07 10:12:46.0"	"Mali"	"1"
"fr_DZA_elwata_int"	"El Watan"	"2015-02-11 10:11:11.0"	"Mali"	"2"
"fr_DZA_elwata_int"	"El Watan"	"2015-02-21 10:12:54.0"	"Mali"	"1"
"fr_DZA_elwata_int"	"El Watan"	"2015-03-04 10:40:07.0"	"Mali"	"1"
"fr_DZA_elwata_int"	"El Watan"	"2015-03-08 10:40:24.0"	"Mali"	"1"
"fr_DZA_elwata_int"	"El Watan"	"2015-03-09 10:40:27.0"	"Mali"	"1"
"fr_DZA_elwata_int"	"El Watan"	"2015-03-12 10:41:15.0"	"Mali"	"1"
"fr_DZA_elwata_int"	"El Watan"	"2015-03-14 10:34:51.0"	"Mali"	"1"
"fr_DZA_elwata_int"	"El Watan"	"2015-03-20 10:41:44.0"	"Mali"	"1"
"fr_DZA_elwata_int"	"El Watan"	"2015-03-22 10:43:38.0"	"Mali"	"1"
"fr_DZA_elwata_int"	"El Watan"	"2015-03-27 10:20:56.0"	"Mali"	"1"
"fr_DZA_elwata_int"	"El Watan"	"2015-04-11 11:22:06.0"	"Mali"	"1"
"fr_DZA_elwata_int"	"El Watan"	"2015-04-29 11:43:19.0"	"Mali"	"1"
"fr_DZA_elwata_int"	"El Watan"	"2015-05-03 11:43:30.0"	"Mali"	"1"
"fr_DZA_elwata_int"	"El Watan"	"2015-05-06 11:43:42.0"	"Mali"	"1"
"fr_DZA_elwata_int"	"El Watan"	"2015-05-12 17:44:07.0"	"Mali"	"1"
"fr_DZA_elwata_int"	"El Watan"	"2015-05-16 11:44:24.0"	"Mali"	"1"
"fr_DZA_elwata_int"	"El Watan"	"2015-05-21 11:27:47.0"	"Mali"	"1"
"fr_DZA_elwata_int"	"El Watan"	"2015-05-22 17:00:45.0"	"Mali"	"1"
"fr_DZA_elwata_int"	"El Watan"	"2015-06-01 00:01:28.0"	"Mali"	"1"
"fr_DZA_elwata_int"	"El Watan"	"2015-06-05 00:01:45.0"	"Mali"	"1"
"fr_DZA_elwata_int"	"El Watan"	"2015-06-20 11:34:13.0"	"Mali"	"1"
"fr_DZA_elwata_int"	"El Watan"	"2015-06-21 11:34:16.0"	"Mali"	"2"
"fr_DZA_elwata_int"	"El Watan"	"2015-06-23 11:34:24.0"	"Mali"	"1"
"fr_DZA_elwata_int"	"El Watan"	"2014-03-29 11:17:16.0"	"Malaysia"	"1"
"fr_DZA_elwata_int"	"El Watan"	"2014-08-06 11:33:16.0"	"Malaysia"	"1"
"fr_DZA_elwata_int"	"El Watan"	"2014-08-21 11:26:27.0"	"Malaysia"	"1"
"fr_DZA_elwata_int"	"El Watan"	"2014-11-15 10:43:56.0"	"Namibia"	"1"
"fr_DZA_elwata_int"	"El Watan"	"2014-02-06 10:42:13.0"	"Niger"	"1"
"fr_DZA_elwata_int"	"El Watan"	"2014-02-11 10:22:05.0"	"Niger"	"1"
"fr_DZA_elwata_int"	"El Watan"	"2014-12-15 10:42:05.0"	"Niger"	"1"
"fr_DZA_elwata_int"	"El Watan"	"2015-01-18 10:58:49.0"	"Niger"	"1"
"fr_DZA_elwata_int"	"El Watan"	"2015-02-19 10:11:49.0"	"Niger"	"1"
"fr_DZA_elwata_int"	"El Watan"	"2015-04-17 11:37:20.0"	"Niger"	"1"
"fr_DZA_elwata_int"	"El Watan"	"2015-04-23 00:06:35.0"	"Niger"	"1"
"fr_DZA_elwata_int"	"El Watan"	"2015-06-07 11:57:15.0"	"Niger"	"1"
"fr_DZA_elwata_int"	"El Watan"	"2015-06-17 11:34:01.0"	"Niger"	"1"
"fr_DZA_elwata_int"	"El Watan"	"2014-02-21 10:55:45.0"	"Nigeria"	"1"
"fr_DZA_elwata_int"	"El Watan"	"2014-04-16 11:44:52.0"	"Nigeria"	"1"
"fr_DZA_elwata_int"	"El Watan"	"2014-05-13 14:15:51.0"	"Nigeria"	"5"
"fr_DZA_elwata_int"	"El Watan"	"2014-05-14 11:16:07.0"	"Nigeria"	"1"
"fr_DZA_elwata_int"	"El Watan"	"2014-10-08 11:17:55.0"	"Nigeria"	"1"
"fr_DZA_elwata_int"	"El Watan"	"2014-10-18 11:20:36.0"	"Nigeria"	"1"
"fr_DZA_elwata_int"	"El Watan"	"2014-11-02 11:05:35.0"	"Nigeria"	"1"
"fr_DZA_elwata_int"	"El Watan"	"2014-11-11 10:38:09.0"	"Nigeria"	"1"
"fr_DZA_elwata_int"	"El Watan"	"2014-12-15 10:42:05.0"	"Nigeria"	"1"
"fr_DZA_elwata_int"	"El Watan"	"2014-12-27 11:00:04.0"	"Nigeria"	"1"
"fr_DZA_elwata_int"	"El Watan"	"2015-01-12 10:58:05.0"	"Nigeria"	"1"
"fr_DZA_elwata_int"	"El Watan"	"2015-02-11 10:11:11.0"	"Nigeria"	"2"
"fr_DZA_elwata_int"	"El Watan"	"2015-02-21 10:12:54.0"	"Nigeria"	"1"
"fr_DZA_elwata_int"	"El Watan"	"2015-03-10 10:40:31.0"	"Nigeria"	"1"
"fr_DZA_elwata_int"	"El Watan"	"2015-03-14 10:34:51.0"	"Nigeria"	"1"
"fr_DZA_elwata_int"	"El Watan"	"2015-03-29 11:21:02.0"	"Nigeria"	"1"
"fr_DZA_elwata_int"	"El Watan"	"2015-04-02 11:21:20.0"	"Nigeria"	"1"
"fr_DZA_elwata_int"	"El Watan"	"2015-04-14 11:37:08.0"	"Nigeria"	"1"
"fr_DZA_elwata_int"	"El Watan"	"2015-05-29 11:22:21.0"	"Nigeria"	"1"
"fr_DZA_elwata_int"	"El Watan"	"2014-06-22 00:30:16.0"	"Norway"	"1"
"fr_DZA_elwata_int"	"El Watan"	"2015-03-14 10:34:51.0"	"Norway"	"1"
"fr_DZA_elwata_int"	"El Watan"	"2015-04-26 00:06:51.0"	"Nepal"	"1"
"fr_DZA_elwata_int"	"El Watan"	"2015-04-27 00:06:55.0"	"Nepal"	"1"
"fr_DZA_elwata_int"	"El Watan"	"2015-04-28 11:43:16.0"	"Nepal"	"1"
"fr_DZA_elwata_int"	"El Watan"	"2015-05-18 11:44:31.0"	"Nepal"	"1"
"fr_DZA_elwata_int"	"El Watan"	"2014-02-21 10:55:45.0"	"Pakistan"	"1"
"fr_DZA_elwata_int"	"El Watan"	"2014-02-24 10:55:47.0"	"Pakistan"	"1"
"fr_DZA_elwata_int"	"El Watan"	"2014-04-11 11:42:51.0"	"Pakistan"	"1"
"fr_DZA_elwata_int"	"El Watan"	"2014-05-02 11:23:15.0"	"Pakistan"	"1"
"fr_DZA_elwata_int"	"El Watan"	"2014-08-29 11:26:56.0"	"Pakistan"	"1"
"fr_DZA_elwata_int"	"El Watan"	"2014-09-05 11:59:22.0"	"Pakistan"	"1"
"fr_DZA_elwata_int"	"El Watan"	"2015-02-23 10:13:02.0"	"Pakistan"	"1"
"fr_DZA_elwata_int"	"El Watan"	"2015-04-12 11:22:08.0"	"Panama"	"1"
"fr_DZA_elwata_int"	"El Watan"	"2015-06-27 11:34:38.0"	"Peru"	"1"
"fr_DZA_elwata_int"	"El Watan"	"2014-11-23 10:44:22.0"	"Poland"	"1"
"fr_DZA_elwata_int"	"El Watan"	"2014-10-11 11:18:06.0"	"North Korea"	"1"
"fr_DZA_elwata_int"	"El Watan"	"2014-12-25 10:59:58.0"	"North Korea"	"1"
"fr_DZA_elwata_int"	"El Watan"	"2015-03-23 10:44:37.0"	"North Korea"	"1"
"fr_DZA_elwata_int"	"El Watan"	"2015-06-08 11:57:20.0"	"North Korea"	"1"
"fr_DZA_elwata_int"	"El Watan"	"2014-12-13 10:41:54.0"	"Portugal"	"1"
"fr_DZA_elwata_int"	"El Watan"	"2014-01-07 10:42:21.0"	"Qatar"	"1"
"fr_DZA_elwata_int"	"El Watan"	"2014-01-21 10:25:36.0"	"Qatar"	"1"
"fr_DZA_elwata_int"	"El Watan"	"2014-02-28 10:15:20.0"	"Qatar"	"1"
"fr_DZA_elwata_int"	"El Watan"	"2014-03-06 10:16:33.0"	"Qatar"	"1"
"fr_DZA_elwata_int"	"El Watan"	"2014-03-11 10:12:56.0"	"Qatar"	"1"
"fr_DZA_elwata_int"	"El Watan"	"2014-12-23 10:59:51.0"	"Qatar"	"1"
"fr_DZA_elwata_int"	"El Watan"	"2015-01-09 10:17:09.0"	"Qatar"	"1"
"fr_DZA_elwata_int"	"El Watan"	"2015-02-03 10:12:26.0"	"Qatar"	"1"
"fr_DZA_elwata_int"	"El Watan"	"2015-02-20 10:12:50.0"	"Qatar"	"1"
"fr_DZA_elwata_int"	"El Watan"	"2015-02-23 10:13:02.0"	"Qatar"	"1"
"fr_DZA_elwata_int"	"El Watan"	"2015-05-19 19:27:33.0"	"Qatar"	"1"
"fr_DZA_elwata_int"	"El Watan"	"2014-01-31 10:27:19.0"	"Rwanda"	"1"
"fr_DZA_elwata_int"	"El Watan"	"2015-02-25 03:09:37.0"	"Rwanda"	"1"
"fr_DZA_elwata_int"	"El Watan"	"2015-04-09 11:21:58.0"	"Rwanda"	"1"
"fr_DZA_elwata_int"	"El Watan"	"2014-01-21 10:25:36.0"	"Saudi Arabia"	"1"
"fr_DZA_elwata_int"	"El Watan"	"2014-02-24 10:55:47.0"	"Saudi Arabia"	"1"
"fr_DZA_elwata_int"	"El Watan"	"2014-03-06 10:16:33.0"	"Saudi Arabia"	"1"
"fr_DZA_elwata_int"	"El Watan"	"2014-03-11 10:12:56.0"	"Saudi Arabia"	"1"
"fr_DZA_elwata_int"	"El Watan"	"2014-08-22 11:26:29.0"	"Saudi Arabia"	"2"
"fr_DZA_elwata_int"	"El Watan"	"2014-09-02 11:59:09.0"	"Saudi Arabia"	"1"
"fr_DZA_elwata_int"	"El Watan"	"2015-01-03 10:24:38.0"	"Saudi Arabia"	"1"
"fr_DZA_elwata_int"	"El Watan"	"2015-01-10 10:17:15.0"	"Saudi Arabia"	"1"
"fr_DZA_elwata_int"	"El Watan"	"2015-01-31 10:10:25.0"	"Saudi Arabia"	"1"
"fr_DZA_elwata_int"	"El Watan"	"2015-02-23 10:13:02.0"	"Saudi Arabia"	"1"
"fr_DZA_elwata_int"	"El Watan"	"2015-03-10 10:40:31.0"	"Saudi Arabia"	"1"
"fr_DZA_elwata_int"	"El Watan"	"2015-03-15 10:34:56.0"	"Saudi Arabia"	"1"
"fr_DZA_elwata_int"	"El Watan"	"2015-03-28 10:20:59.0"	"Saudi Arabia"	"1"
"fr_DZA_elwata_int"	"El Watan"	"2015-04-01 11:21:15.0"	"Saudi Arabia"	"1"
"fr_DZA_elwata_int"	"El Watan"	"2015-04-24 00:06:42.0"	"Saudi Arabia"	"1"
"fr_DZA_elwata_int"	"El Watan"	"2015-04-25 00:06:46.0"	"Saudi Arabia"	"1"
"fr_DZA_elwata_int"	"El Watan"	"2015-04-30 11:43:19.0"	"Saudi Arabia"	"1"
"fr_DZA_elwata_int"	"El Watan"	"2015-05-06 11:43:42.0"	"Saudi Arabia"	"1"
"fr_DZA_elwata_int"	"El Watan"	"2015-05-22 18:00:45.0"	"Saudi Arabia"	"1"
"fr_DZA_elwata_int"	"El Watan"	"2015-05-23 00:00:49.0"	"Saudi Arabia"	"1"
"fr_DZA_elwata_int"	"El Watan"	"2015-05-24 00:00:53.0"	"Saudi Arabia"	"1"
"fr_DZA_elwata_int"	"El Watan"	"2015-05-26 14:18:21.0"	"Saudi Arabia"	"1"
"fr_DZA_elwata_int"	"El Watan"	"2015-05-30 11:22:25.0"	"Saudi Arabia"	"2"
"fr_DZA_elwata_int"	"El Watan"	"2015-06-08 11:57:20.0"	"Saudi Arabia"	"1"
"fr_DZA_elwata_int"	"El Watan"	"2015-06-12 20:33:28.0"	"Saudi Arabia"	"1"
"fr_DZA_elwata_int"	"El Watan"	"2015-06-26 11:34:33.0"	"Saudi Arabia"	"1"
"fr_DZA_elwata_int"	"El Watan"	"2014-01-05 10:41:44.0"	"Sudan"	"1"
"fr_DZA_elwata_int"	"El Watan"	"2014-01-07 10:42:21.0"	"Sudan"	"1"
"fr_DZA_elwata_int"	"El Watan"	"2014-01-08 10:42:06.0"	"Sudan"	"1"
"fr_DZA_elwata_int"	"El Watan"	"2014-01-10 10:56:30.0"	"Sudan"	"1"
"fr_DZA_elwata_int"	"El Watan"	"2014-01-24 10:26:06.0"	"Sudan"	"1"
"fr_DZA_elwata_int"	"El Watan"	"2014-02-02 10:42:36.0"	"Sudan"	"1"
"fr_DZA_elwata_int"	"El Watan"	"2014-03-09 10:16:48.0"	"Sudan"	"1"
"fr_DZA_elwata_int"	"El Watan"	"2014-05-11 11:15:44.0"	"Sudan"	"1"
"fr_DZA_elwata_int"	"El Watan"	"2014-05-16 11:10:21.0"	"Sudan"	"1"
"fr_DZA_elwata_int"	"El Watan"	"2014-05-19 11:10:33.0"	"Sudan"	"1"
"fr_DZA_elwata_int"	"El Watan"	"2014-07-21 11:21:52.0"	"Sudan"	"1"
"fr_DZA_elwata_int"	"El Watan"	"2014-08-16 00:10:35.0"	"Sudan"	"1"
"fr_DZA_elwata_int"	"El Watan"	"2014-12-06 10:46:09.0"	"Sudan"	"1"
"fr_DZA_elwata_int"	"El Watan"	"2015-01-06 10:16:58.0"	"Sudan"	"1"
"fr_DZA_elwata_int"	"El Watan"	"2015-03-23 10:44:37.0"	"Sudan"	"1"
"fr_DZA_elwata_int"	"El Watan"	"2014-08-30 16:26:59.0"	"Senegal"	"1"
"fr_DZA_elwata_int"	"El Watan"	"2014-08-31 11:58:49.0"	"Senegal"	"1"
"fr_DZA_elwata_int"	"El Watan"	"2014-12-11 10:41:42.0"	"Senegal"	"1"
"fr_DZA_elwata_int"	"El Watan"	"2014-08-03 11:33:03.0"	"Sierra Leone"	"1"
"fr_DZA_elwata_int"	"El Watan"	"2014-01-12 10:56:59.0"	"Somalia"	"1"
"fr_DZA_elwata_int"	"El Watan"	"2014-07-27 11:24:07.0"	"Somalia"	"1"
"fr_DZA_elwata_int"	"El Watan"	"2014-09-07 00:00:27.0"	"Somalia"	"1"
"fr_DZA_elwata_int"	"El Watan"	"2015-01-26 23:02:57.0"	"Somalia"	"2"
"fr_DZA_elwata_int"	"El Watan"	"2015-03-13 10:34:45.0"	"Somalia"	"1"
"fr_DZA_elwata_int"	"El Watan"	"2015-04-13 11:37:00.0"	"Somalia"	"1"
"fr_DZA_elwata_int"	"El Watan"	"2014-01-05 10:41:44.0"	"South Sudan"	"1"
"fr_DZA_elwata_int"	"El Watan"	"2014-01-07 10:42:21.0"	"South Sudan"	"1"
"fr_DZA_elwata_int"	"El Watan"	"2014-01-08 10:42:06.0"	"South Sudan"	"1"
"fr_DZA_elwata_int"	"El Watan"	"2014-01-24 10:26:06.0"	"South Sudan"	"1"
"fr_DZA_elwata_int"	"El Watan"	"2014-03-09 10:16:48.0"	"South Sudan"	"1"
"fr_DZA_elwata_int"	"El Watan"	"2014-05-11 11:15:44.0"	"South Sudan"	"1"
"fr_DZA_elwata_int"	"El Watan"	"2014-05-16 11:10:21.0"	"South Sudan"	"1"
"fr_DZA_elwata_int"	"El Watan"	"2014-07-21 11:21:52.0"	"South Sudan"	"1"
"fr_DZA_elwata_int"	"El Watan"	"2014-08-16 00:10:35.0"	"South Sudan"	"1"
"fr_DZA_elwata_int"	"El Watan"	"2015-03-23 10:44:37.0"	"South Sudan"	"1"
"fr_DZA_elwata_int"	"El Watan"	"2014-07-17 11:20:10.0"	"Sweden"	"1"
"fr_DZA_elwata_int"	"El Watan"	"2014-10-06 11:17:46.0"	"Sweden"	"1"
"fr_DZA_elwata_int"	"El Watan"	"2015-03-10 10:40:31.0"	"Sweden"	"1"
"fr_DZA_elwata_int"	"El Watan"	"2015-03-11 10:41:12.0"	"Sweden"	"1"
"fr_DZA_elwata_int"	"El Watan"	"2014-01-13 11:47:24.0"	"Syria"	"1"
"fr_DZA_elwata_int"	"El Watan"	"2014-01-24 10:26:06.0"	"Syria"	"1"
"fr_DZA_elwata_int"	"El Watan"	"2014-01-28 10:27:58.0"	"Syria"	"1"
"fr_DZA_elwata_int"	"El Watan"	"2014-02-05 10:42:24.0"	"Syria"	"1"
"fr_DZA_elwata_int"	"El Watan"	"2014-02-07 10:21:17.0"	"Syria"	"1"
"fr_DZA_elwata_int"	"El Watan"	"2014-02-09 10:21:55.0"	"Syria"	"2"
"fr_DZA_elwata_int"	"El Watan"	"2014-02-11 10:22:05.0"	"Syria"	"1"
"fr_DZA_elwata_int"	"El Watan"	"2014-02-12 10:22:09.0"	"Syria"	"1"
"fr_DZA_elwata_int"	"El Watan"	"2014-02-15 10:56:00.0"	"Syria"	"1"
"fr_DZA_elwata_int"	"El Watan"	"2014-02-16 10:56:03.0"	"Syria"	"1"
"fr_DZA_elwata_int"	"El Watan"	"2014-02-19 10:55:55.0"	"Syria"	"1"
"fr_DZA_elwata_int"	"El Watan"	"2014-02-21 10:55:45.0"	"Syria"	"2"
"fr_DZA_elwata_int"	"El Watan"	"2014-02-24 10:55:47.0"	"Syria"	"1"
"fr_DZA_elwata_int"	"El Watan"	"2014-03-07 10:16:38.0"	"Syria"	"1"
"fr_DZA_elwata_int"	"El Watan"	"2014-03-21 10:16:31.0"	"Syria"	"1"
"fr_DZA_elwata_int"	"El Watan"	"2014-04-01 17:46:39.0"	"Syria"	"1"
"fr_DZA_elwata_int"	"El Watan"	"2014-04-19 11:21:07.0"	"Syria"	"1"
"fr_DZA_elwata_int"	"El Watan"	"2014-04-22 11:21:22.0"	"Syria"	"1"
"fr_DZA_elwata_int"	"El Watan"	"2014-05-11 11:15:44.0"	"Syria"	"1"
"fr_DZA_elwata_int"	"El Watan"	"2014-05-17 00:10:25.0"	"Syria"	"1"
"fr_DZA_elwata_int"	"El Watan"	"2014-06-06 11:18:37.0"	"Syria"	"1"
"fr_DZA_elwata_int"	"El Watan"	"2014-06-22 00:30:16.0"	"Syria"	"1"
"fr_DZA_elwata_int"	"El Watan"	"2014-06-23 11:56:34.0"	"Syria"	"1"
"fr_DZA_elwata_int"	"El Watan"	"2014-07-09 00:01:34.0"	"Syria"	"1"
"fr_DZA_elwata_int"	"El Watan"	"2014-07-15 02:19:56.0"	"Syria"	"1"
"fr_DZA_elwata_int"	"El Watan"	"2014-08-26 11:26:45.0"	"Syria"	"1"
"fr_DZA_elwata_int"	"El Watan"	"2014-10-03 11:17:35.0"	"Syria"	"1"
"fr_DZA_elwata_int"	"El Watan"	"2014-10-08 15:17:55.0"	"Syria"	"5"
"fr_DZA_elwata_int"	"El Watan"	"2014-10-22 11:20:54.0"	"Syria"	"1"
"fr_DZA_elwata_int"	"El Watan"	"2014-11-21 10:44:14.0"	"Syria"	"1"
"fr_DZA_elwata_int"	"El Watan"	"2014-12-03 10:45:57.0"	"Syria"	"1"
"fr_DZA_elwata_int"	"El Watan"	"2014-12-09 10:46:19.0"	"Syria"	"1"
"fr_DZA_elwata_int"	"El Watan"	"2015-01-04 10:16:50.0"	"Syria"	"1"
"fr_DZA_elwata_int"	"El Watan"	"2015-01-06 10:16:58.0"	"Syria"	"1"
"fr_DZA_elwata_int"	"El Watan"	"2015-01-18 10:58:49.0"	"Syria"	"1"
"fr_DZA_elwata_int"	"El Watan"	"2015-01-29 09:10:17.0"	"Syria"	"1"
"fr_DZA_elwata_int"	"El Watan"	"2015-02-06 10:12:41.0"	"Syria"	"1"
"fr_DZA_elwata_int"	"El Watan"	"2015-02-12 10:11:19.0"	"Syria"	"1"
"fr_DZA_elwata_int"	"El Watan"	"2015-03-06 10:40:15.0"	"Syria"	"1"
"fr_DZA_elwata_int"	"El Watan"	"2015-03-14 11:34:51.0"	"Syria"	"1"
"fr_DZA_elwata_int"	"El Watan"	"2015-03-16 10:34:59.0"	"Syria"	"1"
"fr_DZA_elwata_int"	"El Watan"	"2015-04-07 11:21:44.0"	"Syria"	"2"
"fr_DZA_elwata_int"	"El Watan"	"2015-04-14 11:37:08.0"	"Syria"	"1"
"fr_DZA_elwata_int"	"El Watan"	"2015-04-22 00:06:28.0"	"Syria"	"1"
"fr_DZA_elwata_int"	"El Watan"	"2015-04-24 00:06:42.0"	"Syria"	"1"
"fr_DZA_elwata_int"	"El Watan"	"2015-05-22 00:00:44.0"	"Syria"	"1"
"fr_DZA_elwata_int"	"El Watan"	"2015-05-31 00:01:21.0"	"Syria"	"1"
"fr_DZA_elwata_int"	"El Watan"	"2015-06-15 11:33:44.0"	"Syria"	"1"
"fr_DZA_elwata_int"	"El Watan"	"2015-06-26 11:34:33.0"	"Syria"	"1"
"fr_DZA_elwata_int"	"El Watan"	"2014-12-06 10:46:09.0"	"Chad"	"1"
"fr_DZA_elwata_int"	"El Watan"	"2015-02-03 10:12:26.0"	"Chad"	"1"
"fr_DZA_elwata_int"	"El Watan"	"2015-02-14 10:11:30.0"	"Chad"	"1"
"fr_DZA_elwata_int"	"El Watan"	"2015-02-26 10:37:17.0"	"Chad"	"2"
"fr_DZA_elwata_int"	"El Watan"	"2015-03-05 10:40:12.0"	"Chad"	"1"
"fr_DZA_elwata_int"	"El Watan"	"2015-03-09 10:40:27.0"	"Chad"	"1"
"fr_DZA_elwata_int"	"El Watan"	"2015-06-16 11:33:50.0"	"Chad"	"1"
"fr_DZA_elwata_int"	"El Watan"	"2014-11-27 10:45:42.0"	"Togo"	"1"
"fr_DZA_elwata_int"	"El Watan"	"2014-02-02 10:42:36.0"	"Thailand"	"1"
"fr_DZA_elwata_int"	"El Watan"	"2014-02-05 10:42:24.0"	"Thailand"	"1"
"fr_DZA_elwata_int"	"El Watan"	"2014-01-02 10:43:33.0"	"Tunisia"	"1"
"fr_DZA_elwata_int"	"El Watan"	"2014-01-04 10:41:55.0"	"Tunisia"	"1"
"fr_DZA_elwata_int"	"El Watan"	"2014-01-08 10:42:06.0"	"Tunisia"	"1"
"fr_DZA_elwata_int"	"El Watan"	"2014-01-09 10:56:41.0"	"Tunisia"	"1"
"fr_DZA_elwata_int"	"El Watan"	"2014-01-10 10:56:30.0"	"Tunisia"	"1"
"fr_DZA_elwata_int"	"El Watan"	"2014-01-12 10:56:59.0"	"Tunisia"	"1"
"fr_DZA_elwata_int"	"El Watan"	"2014-01-14 10:47:43.0"	"Tunisia"	"2"
"fr_DZA_elwata_int"	"El Watan"	"2014-01-18 10:26:09.0"	"Tunisia"	"1"
"fr_DZA_elwata_int"	"El Watan"	"2014-01-22 10:25:52.0"	"Tunisia"	"1"
"fr_DZA_elwata_int"	"El Watan"	"2014-01-23 10:25:58.0"	"Tunisia"	"1"
"fr_DZA_elwata_int"	"El Watan"	"2014-01-25 10:26:10.0"	"Tunisia"	"1"
"fr_DZA_elwata_int"	"El Watan"	"2014-01-26 10:28:00.0"	"Tunisia"	"1"
"fr_DZA_elwata_int"	"El Watan"	"2014-01-27 10:27:52.0"	"Tunisia"	"1"
"fr_DZA_elwata_int"	"El Watan"	"2014-01-28 10:27:58.0"	"Tunisia"	"3"
"fr_DZA_elwata_int"	"El Watan"	"2014-01-29 10:27:45.0"	"Tunisia"	"1"
"fr_DZA_elwata_int"	"El Watan"	"2014-01-30 10:27:32.0"	"Tunisia"	"1"
"fr_DZA_elwata_int"	"El Watan"	"2014-02-04 19:42:28.0"	"Tunisia"	"1"
"fr_DZA_elwata_int"	"El Watan"	"2014-02-05 10:42:24.0"	"Tunisia"	"1"
"fr_DZA_elwata_int"	"El Watan"	"2014-02-06 10:42:13.0"	"Tunisia"	"1"
"fr_DZA_elwata_int"	"El Watan"	"2014-02-07 10:21:17.0"	"Tunisia"	"1"
"fr_DZA_elwata_int"	"El Watan"	"2014-02-08 10:21:06.0"	"Tunisia"	"1"
"fr_DZA_elwata_int"	"El Watan"	"2014-02-17 10:56:06.0"	"Tunisia"	"1"
"fr_DZA_elwata_int"	"El Watan"	"2014-02-22 10:55:35.0"	"Tunisia"	"1"
"fr_DZA_elwata_int"	"El Watan"	"2014-03-03 10:16:49.0"	"Tunisia"	"1"
"fr_DZA_elwata_int"	"El Watan"	"2014-03-07 10:16:38.0"	"Tunisia"	"1"
"fr_DZA_elwata_int"	"El Watan"	"2014-03-08 10:16:45.0"	"Tunisia"	"1"
"fr_DZA_elwata_int"	"El Watan"	"2014-03-25 10:16:50.0"	"Tunisia"	"1"
"fr_DZA_elwata_int"	"El Watan"	"2014-03-31 11:17:27.0"	"Tunisia"	"1"
"fr_DZA_elwata_int"	"El Watan"	"2014-04-07 11:47:16.0"	"Tunisia"	"1"
"fr_DZA_elwata_int"	"El Watan"	"2014-04-13 11:43:43.0"	"Tunisia"	"1"
"fr_DZA_elwata_int"	"El Watan"	"2014-04-14 11:44:11.0"	"Tunisia"	"1"
"fr_DZA_elwata_int"	"El Watan"	"2014-04-28 11:19:48.0"	"Tunisia"	"1"
"fr_DZA_elwata_int"	"El Watan"	"2014-05-02 11:23:15.0"	"Tunisia"	"1"
"fr_DZA_elwata_int"	"El Watan"	"2014-05-17 00:10:25.0"	"Tunisia"	"1"
"fr_DZA_elwata_int"	"El Watan"	"2014-05-29 00:00:14.0"	"Tunisia"	"1"
"fr_DZA_elwata_int"	"El Watan"	"2014-06-16 11:22:23.0"	"Tunisia"	"1"
"fr_DZA_elwata_int"	"El Watan"	"2014-07-06 00:01:18.0"	"Tunisia"	"1"
"fr_DZA_elwata_int"	"El Watan"	"2014-07-08 00:01:29.0"	"Tunisia"	"1"
"fr_DZA_elwata_int"	"El Watan"	"2014-07-10 00:03:04.0"	"Tunisia"	"1"
"fr_DZA_elwata_int"	"El Watan"	"2014-07-18 11:20:14.0"	"Tunisia"	"1"
"fr_DZA_elwata_int"	"El Watan"	"2014-07-21 14:21:52.0"	"Tunisia"	"1"
"fr_DZA_elwata_int"	"El Watan"	"2014-08-01 11:30:56.0"	"Tunisia"	"1"
"fr_DZA_elwata_int"	"El Watan"	"2014-08-02 11:32:59.0"	"Tunisia"	"1"
"fr_DZA_elwata_int"	"El Watan"	"2014-08-03 13:33:03.0"	"Tunisia"	"1"
"fr_DZA_elwata_int"	"El Watan"	"2014-08-30 11:26:59.0"	"Tunisia"	"1"
"fr_DZA_elwata_int"	"El Watan"	"2014-08-31 11:58:49.0"	"Tunisia"	"1"
"fr_DZA_elwata_int"	"El Watan"	"2014-09-02 11:59:09.0"	"Tunisia"	"1"
"fr_DZA_elwata_int"	"El Watan"	"2014-09-11 00:36:12.0"	"Tunisia"	"1"
"fr_DZA_elwata_int"	"El Watan"	"2014-09-16 11:36:36.0"	"Tunisia"	"1"
"fr_DZA_elwata_int"	"El Watan"	"2014-09-24 00:08:17.0"	"Tunisia"	"1"
"fr_DZA_elwata_int"	"El Watan"	"2014-09-29 11:16:05.0"	"Tunisia"	"1"
"fr_DZA_elwata_int"	"El Watan"	"2014-10-23 11:20:58.0"	"Tunisia"	"1"
"fr_DZA_elwata_int"	"El Watan"	"2014-10-24 11:21:02.0"	"Tunisia"	"1"
"fr_DZA_elwata_int"	"El Watan"	"2014-10-25 11:21:06.0"	"Tunisia"	"2"
"fr_DZA_elwata_int"	"El Watan"	"2014-10-26 10:21:11.0"	"Tunisia"	"2"
"fr_DZA_elwata_int"	"El Watan"	"2014-10-28 11:19:59.0"	"Tunisia"	"1"
"fr_DZA_elwata_int"	"El Watan"	"2014-10-29 10:21:28.0"	"Tunisia"	"1"
"fr_DZA_elwata_int"	"El Watan"	"2014-11-04 11:05:44.0"	"Tunisia"	"1"
"fr_DZA_elwata_int"	"El Watan"	"2014-11-19 10:44:07.0"	"Tunisia"	"1"
"fr_DZA_elwata_int"	"El Watan"	"2014-11-23 10:44:22.0"	"Tunisia"	"2"
"fr_DZA_elwata_int"	"El Watan"	"2014-11-24 10:44:26.0"	"Tunisia"	"2"
"fr_DZA_elwata_int"	"El Watan"	"2014-11-26 10:45:33.0"	"Tunisia"	"1"
"fr_DZA_elwata_int"	"El Watan"	"2014-11-28 10:45:46.0"	"Tunisia"	"1"
"fr_DZA_elwata_int"	"El Watan"	"2014-12-04 16:46:02.0"	"Tunisia"	"1"
"fr_DZA_elwata_int"	"El Watan"	"2014-12-06 10:46:09.0"	"Tunisia"	"1"
"fr_DZA_elwata_int"	"El Watan"	"2014-12-13 10:41:54.0"	"Tunisia"	"1"
"fr_DZA_elwata_int"	"El Watan"	"2014-12-22 15:59:50.0"	"Tunisia"	"1"
"fr_DZA_elwata_int"	"El Watan"	"2014-12-23 10:59:51.0"	"Tunisia"	"1"
"fr_DZA_elwata_int"	"El Watan"	"2015-01-07 10:17:02.0"	"Tunisia"	"1"
"fr_DZA_elwata_int"	"El Watan"	"2015-01-10 10:17:15.0"	"Tunisia"	"1"
"fr_DZA_elwata_int"	"El Watan"	"2015-01-14 10:58:26.0"	"Tunisia"	"1"
"fr_DZA_elwata_int"	"El Watan"	"2015-02-03 10:12:26.0"	"Tunisia"	"1"
"fr_DZA_elwata_int"	"El Watan"	"2015-02-04 00:12:32.0"	"Tunisia"	"1"
"fr_DZA_elwata_int"	"El Watan"	"2015-02-09 10:49:14.0"	"Tunisia"	"1"
"fr_DZA_elwata_int"	"El Watan"	"2015-02-18 13:11:46.0"	"Tunisia"	"1"
"fr_DZA_elwata_int"	"El Watan"	"2015-02-28 10:33:56.0"	"Tunisia"	"1"
"fr_DZA_elwata_int"	"El Watan"	"2015-03-02 10:55:57.0"	"Tunisia"	"1"
"fr_DZA_elwata_int"	"El Watan"	"2015-03-07 10:40:20.0"	"Tunisia"	"1"
"fr_DZA_elwata_int"	"El Watan"	"2015-03-13 10:34:45.0"	"Tunisia"	"2"
"fr_DZA_elwata_int"	"El Watan"	"2015-03-18 13:36:33.0"	"Tunisia"	"4"
"fr_DZA_elwata_int"	"El Watan"	"2015-03-21 10:42:37.0"	"Tunisia"	"1"
"fr_DZA_elwata_int"	"El Watan"	"2015-03-24 10:20:40.0"	"Tunisia"	"1"
"fr_DZA_elwata_int"	"El Watan"	"2015-03-25 10:20:47.0"	"Tunisia"	"1"
"fr_DZA_elwata_int"	"El Watan"	"2015-03-28 10:20:59.0"	"Tunisia"	"1"
"fr_DZA_elwata_int"	"El Watan"	"2015-03-29 11:21:02.0"	"Tunisia"	"1"
"fr_DZA_elwata_int"	"El Watan"	"2015-03-30 11:21:07.0"	"Tunisia"	"1"
"fr_DZA_elwata_int"	"El Watan"	"2015-04-11 11:22:06.0"	"Tunisia"	"1"
"fr_DZA_elwata_int"	"El Watan"	"2015-04-21 11:37:44.0"	"Tunisia"	"1"
"fr_DZA_elwata_int"	"El Watan"	"2015-04-24 17:06:43.0"	"Tunisia"	"1"
"fr_DZA_elwata_int"	"El Watan"	"2015-05-08 11:43:50.0"	"Tunisia"	"1"
"fr_DZA_elwata_int"	"El Watan"	"2015-05-10 11:43:58.0"	"Tunisia"	"1"
"fr_DZA_elwata_int"	"El Watan"	"2015-05-11 11:44:02.0"	"Tunisia"	"1"
"fr_DZA_elwata_int"	"El Watan"	"2015-05-13 11:44:11.0"	"Tunisia"	"1"
"fr_DZA_elwata_int"	"El Watan"	"2015-05-19 19:27:33.0"	"Tunisia"	"3"
"fr_DZA_elwata_int"	"El Watan"	"2015-05-23 00:00:49.0"	"Tunisia"	"1"
"fr_DZA_elwata_int"	"El Watan"	"2015-05-26 11:18:20.0"	"Tunisia"	"1"
"fr_DZA_elwata_int"	"El Watan"	"2015-06-09 11:57:26.0"	"Tunisia"	"1"
"fr_DZA_elwata_int"	"El Watan"	"2015-06-10 11:57:29.0"	"Tunisia"	"1"
"fr_DZA_elwata_int"	"El Watan"	"2015-06-12 20:33:28.0"	"Tunisia"	"1"
"fr_DZA_elwata_int"	"El Watan"	"2015-06-14 11:33:40.0"	"Tunisia"	"1"
"fr_DZA_elwata_int"	"El Watan"	"2015-06-16 11:33:50.0"	"Tunisia"	"3"
"fr_DZA_elwata_int"	"El Watan"	"2015-06-19 11:34:10.0"	"Tunisia"	"1"
"fr_DZA_elwata_int"	"El Watan"	"2015-06-20 11:34:13.0"	"Tunisia"	"1"
"fr_DZA_elwata_int"	"El Watan"	"2015-06-26 15:34:34.0"	"Tunisia"	"4"
"fr_DZA_elwata_int"	"El Watan"	"2015-06-27 00:34:38.0"	"Tunisia"	"1"
"fr_DZA_elwata_int"	"El Watan"	"2015-06-30 02:34:49.0"	"Tunisia"	"2"
"fr_DZA_elwata_int"	"El Watan"	"2014-01-04 10:41:55.0"	"Turkey"	"1"
"fr_DZA_elwata_int"	"El Watan"	"2014-02-17 10:56:06.0"	"Turkey"	"1"
"fr_DZA_elwata_int"	"El Watan"	"2014-02-27 10:08:56.0"	"Turkey"	"1"
"fr_DZA_elwata_int"	"El Watan"	"2014-03-01 11:16:29.0"	"Turkey"	"1"
"fr_DZA_elwata_int"	"El Watan"	"2014-03-13 00:37:58.0"	"Turkey"	"1"
"fr_DZA_elwata_int"	"El Watan"	"2014-03-22 11:16:36.0"	"Turkey"	"1"
"fr_DZA_elwata_int"	"El Watan"	"2014-03-29 11:17:16.0"	"Turkey"	"1"
"fr_DZA_elwata_int"	"El Watan"	"2014-03-30 11:17:21.0"	"Turkey"	"1"
"fr_DZA_elwata_int"	"El Watan"	"2014-03-31 11:17:27.0"	"Turkey"	"1"
"fr_DZA_elwata_int"	"El Watan"	"2014-04-05 11:47:05.0"	"Turkey"	"1"
"fr_DZA_elwata_int"	"El Watan"	"2014-04-19 11:21:07.0"	"Turkey"	"1"
"fr_DZA_elwata_int"	"El Watan"	"2014-05-16 17:10:22.0"	"Turkey"	"4"
"fr_DZA_elwata_int"	"El Watan"	"2014-06-10 11:19:09.0"	"Turkey"	"1"
"fr_DZA_elwata_int"	"El Watan"	"2014-06-22 00:30:16.0"	"Turkey"	"1"
"fr_DZA_elwata_int"	"El Watan"	"2014-07-09 00:01:34.0"	"Turkey"	"1"
"fr_DZA_elwata_int"	"El Watan"	"2014-08-11 11:10:14.0"	"Turkey"	"1"
"fr_DZA_elwata_int"	"El Watan"	"2014-08-29 11:26:56.0"	"Turkey"	"1"
"fr_DZA_elwata_int"	"El Watan"	"2014-09-02 11:59:09.0"	"Turkey"	"1"
"fr_DZA_elwata_int"	"El Watan"	"2014-09-04 11:59:18.0"	"Turkey"	"1"
"fr_DZA_elwata_int"	"El Watan"	"2014-09-13 11:36:22.0"	"Turkey"	"1"
"fr_DZA_elwata_int"	"El Watan"	"2014-10-03 11:17:35.0"	"Turkey"	"1"
"fr_DZA_elwata_int"	"El Watan"	"2014-10-08 15:17:55.0"	"Turkey"	"4"
"fr_DZA_elwata_int"	"El Watan"	"2014-10-19 11:20:41.0"	"Turkey"	"1"
"fr_DZA_elwata_int"	"El Watan"	"2014-10-21 11:20:50.0"	"Turkey"	"1"
"fr_DZA_elwata_int"	"El Watan"	"2014-10-25 11:21:06.0"	"Turkey"	"1"
"fr_DZA_elwata_int"	"El Watan"	"2014-12-15 10:42:05.0"	"Turkey"	"1"
"fr_DZA_elwata_int"	"El Watan"	"2015-02-12 10:11:19.0"	"Turkey"	"1"
"fr_DZA_elwata_int"	"El Watan"	"2015-02-18 10:11:46.0"	"Turkey"	"1"
"fr_DZA_elwata_int"	"El Watan"	"2015-02-25 03:09:37.0"	"Turkey"	"1"
"fr_DZA_elwata_int"	"El Watan"	"2015-04-18 11:37:24.0"	"Turkey"	"1"
"fr_DZA_elwata_int"	"El Watan"	"2015-04-22 00:06:28.0"	"Turkey"	"1"
"fr_DZA_elwata_int"	"El Watan"	"2015-04-24 00:06:42.0"	"Turkey"	"1"
"fr_DZA_elwata_int"	"El Watan"	"2015-05-02 11:43:26.0"	"Turkey"	"1"
"fr_DZA_elwata_int"	"El Watan"	"2015-05-31 00:01:21.0"	"Turkey"	"1"
"fr_DZA_elwata_int"	"El Watan"	"2015-06-09 11:57:26.0"	"Turkey"	"1"
"fr_DZA_elwata_int"	"El Watan"	"2015-06-10 11:57:29.0"	"Turkey"	"1"
"fr_DZA_elwata_int"	"El Watan"	"2015-06-15 11:33:44.0"	"Turkey"	"1"
"fr_DZA_elwata_int"	"El Watan"	"2014-01-29 10:27:45.0"	"Ukraine"	"1"
"fr_DZA_elwata_int"	"El Watan"	"2014-02-04 10:42:33.0"	"Ukraine"	"1"
"fr_DZA_elwata_int"	"El Watan"	"2014-02-10 10:21:58.0"	"Ukraine"	"1"
"fr_DZA_elwata_int"	"El Watan"	"2014-02-19 13:55:54.0"	"Ukraine"	"3"
"fr_DZA_elwata_int"	"El Watan"	"2014-02-20 10:55:57.0"	"Ukraine"	"1"
"fr_DZA_elwata_int"	"El Watan"	"2014-02-21 10:55:45.0"	"Ukraine"	"1"
"fr_DZA_elwata_int"	"El Watan"	"2014-02-22 10:55:35.0"	"Ukraine"	"1"
"fr_DZA_elwata_int"	"El Watan"	"2014-02-23 10:55:41.0"	"Ukraine"	"1"
"fr_DZA_elwata_int"	"El Watan"	"2014-02-24 10:55:47.0"	"Ukraine"	"1"
"fr_DZA_elwata_int"	"El Watan"	"2014-02-25 10:55:59.0"	"Ukraine"	"1"
"fr_DZA_elwata_int"	"El Watan"	"2014-03-01 11:16:29.0"	"Ukraine"	"1"
"fr_DZA_elwata_int"	"El Watan"	"2014-03-06 10:16:33.0"	"Ukraine"	"1"
"fr_DZA_elwata_int"	"El Watan"	"2014-03-08 10:16:45.0"	"Ukraine"	"1"
"fr_DZA_elwata_int"	"El Watan"	"2014-03-13 00:35:09.0"	"Ukraine"	"1"
"fr_DZA_elwata_int"	"El Watan"	"2014-03-19 16:16:20.0"	"Ukraine"	"2"
"fr_DZA_elwata_int"	"El Watan"	"2014-03-21 10:16:31.0"	"Ukraine"	"1"
"fr_DZA_elwata_int"	"El Watan"	"2014-03-31 11:17:27.0"	"Ukraine"	"1"
"fr_DZA_elwata_int"	"El Watan"	"2014-04-13 11:43:43.0"	"Ukraine"	"1"
"fr_DZA_elwata_int"	"El Watan"	"2014-04-14 11:44:11.0"	"Ukraine"	"1"
"fr_DZA_elwata_int"	"El Watan"	"2014-04-16 11:44:52.0"	"Ukraine"	"1"
"fr_DZA_elwata_int"	"El Watan"	"2014-04-20 11:21:12.0"	"Ukraine"	"1"
"fr_DZA_elwata_int"	"El Watan"	"2014-04-21 11:21:18.0"	"Ukraine"	"1"
"fr_DZA_elwata_int"	"El Watan"	"2014-04-22 11:21:22.0"	"Ukraine"	"1"
"fr_DZA_elwata_int"	"El Watan"	"2014-04-24 11:19:31.0"	"Ukraine"	"1"
"fr_DZA_elwata_int"	"El Watan"	"2014-04-27 11:19:44.0"	"Ukraine"	"1"
"fr_DZA_elwata_int"	"El Watan"	"2014-04-28 11:19:48.0"	"Ukraine"	"1"
"fr_DZA_elwata_int"	"El Watan"	"2014-05-13 11:15:51.0"	"Ukraine"	"1"
"fr_DZA_elwata_int"	"El Watan"	"2014-05-15 11:10:16.0"	"Ukraine"	"1"
"fr_DZA_elwata_int"	"El Watan"	"2014-05-24 11:59:49.0"	"Ukraine"	"1"
"fr_DZA_elwata_int"	"El Watan"	"2014-05-26 11:59:58.0"	"Ukraine"	"1"
"fr_DZA_elwata_int"	"El Watan"	"2014-05-27 00:00:04.0"	"Ukraine"	"1"
"fr_DZA_elwata_int"	"El Watan"	"2014-06-07 11:18:49.0"	"Ukraine"	"1"
"fr_DZA_elwata_int"	"El Watan"	"2014-06-23 11:56:34.0"	"Ukraine"	"1"
"fr_DZA_elwata_int"	"El Watan"	"2014-06-26 11:57:27.0"	"Ukraine"	"1"
"fr_DZA_elwata_int"	"El Watan"	"2014-06-28 11:57:35.0"	"Ukraine"	"1"
"fr_DZA_elwata_int"	"El Watan"	"2014-07-06 00:01:18.0"	"Ukraine"	"1"
"fr_DZA_elwata_int"	"El Watan"	"2014-07-15 02:19:56.0"	"Ukraine"	"1"
"fr_DZA_elwata_int"	"El Watan"	"2014-08-02 11:32:59.0"	"Ukraine"	"1"
"fr_DZA_elwata_int"	"El Watan"	"2014-08-05 11:33:11.0"	"Ukraine"	"2"
"fr_DZA_elwata_int"	"El Watan"	"2014-08-17 11:10:37.0"	"Ukraine"	"1"
"fr_DZA_elwata_int"	"El Watan"	"2014-08-20 11:26:16.0"	"Ukraine"	"1"
"fr_DZA_elwata_int"	"El Watan"	"2014-08-30 11:26:59.0"	"Ukraine"	"1"
"fr_DZA_elwata_int"	"El Watan"	"2014-08-31 11:58:49.0"	"Ukraine"	"1"
"fr_DZA_elwata_int"	"El Watan"	"2014-09-01 11:58:53.0"	"Ukraine"	"1"
"fr_DZA_elwata_int"	"El Watan"	"2014-09-03 11:59:14.0"	"Ukraine"	"1"
"fr_DZA_elwata_int"	"El Watan"	"2014-09-07 00:00:27.0"	"Ukraine"	"1"
"fr_DZA_elwata_int"	"El Watan"	"2014-09-11 00:36:12.0"	"Ukraine"	"2"
"fr_DZA_elwata_int"	"El Watan"	"2014-09-13 11:36:22.0"	"Ukraine"	"1"
"fr_DZA_elwata_int"	"El Watan"	"2014-09-17 11:36:41.0"	"Ukraine"	"1"
"fr_DZA_elwata_int"	"El Watan"	"2014-10-18 11:20:36.0"	"Ukraine"	"1"
"fr_DZA_elwata_int"	"El Watan"	"2014-11-15 10:43:56.0"	"Ukraine"	"1"
"fr_DZA_elwata_int"	"El Watan"	"2014-12-27 11:00:04.0"	"Ukraine"	"1"
"fr_DZA_elwata_int"	"El Watan"	"2015-02-03 10:12:26.0"	"Ukraine"	"1"
"fr_DZA_elwata_int"	"El Watan"	"2015-02-08 10:49:08.0"	"Ukraine"	"1"
"fr_DZA_elwata_int"	"El Watan"	"2015-02-10 10:49:18.0"	"Ukraine"	"1"
"fr_DZA_elwata_int"	"El Watan"	"2015-02-13 10:11:23.0"	"Ukraine"	"1"
"fr_DZA_elwata_int"	"El Watan"	"2015-02-14 10:11:30.0"	"Ukraine"	"1"
"fr_DZA_elwata_int"	"El Watan"	"2015-02-16 10:11:38.0"	"Ukraine"	"1"
"fr_DZA_elwata_int"	"El Watan"	"2014-01-02 10:43:33.0"	"United States of America"	"1"
"fr_DZA_elwata_int"	"El Watan"	"2014-01-07 10:42:21.0"	"United States of America"	"1"
"fr_DZA_elwata_int"	"El Watan"	"2014-01-10 10:56:30.0"	"United States of America"	"1"
"fr_DZA_elwata_int"	"El Watan"	"2014-01-12 10:56:59.0"	"United States of America"	"2"
"fr_DZA_elwata_int"	"El Watan"	"2014-01-17 10:26:24.0"	"United States of America"	"1"
"fr_DZA_elwata_int"	"El Watan"	"2014-01-18 10:26:09.0"	"United States of America"	"2"
"fr_DZA_elwata_int"	"El Watan"	"2014-02-09 10:21:55.0"	"United States of America"	"1"
"fr_DZA_elwata_int"	"El Watan"	"2014-02-26 10:56:03.0"	"United States of America"	"1"
"fr_DZA_elwata_int"	"El Watan"	"2014-03-04 10:16:34.0"	"United States of America"	"1"
"fr_DZA_elwata_int"	"El Watan"	"2014-03-05 10:16:45.0"	"United States of America"	"1"
"fr_DZA_elwata_int"	"El Watan"	"2014-03-12 10:38:50.0"	"United States of America"	"1"
"fr_DZA_elwata_int"	"El Watan"	"2014-03-19 16:16:20.0"	"United States of America"	"2"
"fr_DZA_elwata_int"	"El Watan"	"2014-03-22 11:16:36.0"	"United States of America"	"1"
"fr_DZA_elwata_int"	"El Watan"	"2014-03-30 11:17:21.0"	"United States of America"	"1"
"fr_DZA_elwata_int"	"El Watan"	"2014-04-05 11:47:05.0"	"United States of America"	"1"
"fr_DZA_elwata_int"	"El Watan"	"2014-04-10 11:42:45.0"	"United States of America"	"1"
"fr_DZA_elwata_int"	"El Watan"	"2014-04-29 11:19:52.0"	"United States of America"	"1"
"fr_DZA_elwata_int"	"El Watan"	"2014-05-02 11:23:15.0"	"United States of America"	"1"
"fr_DZA_elwata_int"	"El Watan"	"2014-05-03 11:23:29.0"	"United States of America"	"1"
"fr_DZA_elwata_int"	"El Watan"	"2014-05-11 11:15:44.0"	"United States of America"	"1"
"fr_DZA_elwata_int"	"El Watan"	"2014-05-12 11:15:47.0"	"United States of America"	"1"
"fr_DZA_elwata_int"	"El Watan"	"2014-05-13 14:15:51.0"	"United States of America"	"4"
"fr_DZA_elwata_int"	"El Watan"	"2014-06-14 11:18:43.0"	"United States of America"	"1"
"fr_DZA_elwata_int"	"El Watan"	"2014-06-22 00:30:16.0"	"United States of America"	"4"
"fr_DZA_elwata_int"	"El Watan"	"2014-06-28 11:57:35.0"	"United States of America"	"1"
"fr_DZA_elwata_int"	"El Watan"	"2014-06-29 11:57:40.0"	"United States of America"	"1"
"fr_DZA_elwata_int"	"El Watan"	"2014-07-09 00:01:34.0"	"United States of America"	"1"
"fr_DZA_elwata_int"	"El Watan"	"2014-07-15 02:19:56.0"	"United States of America"	"1"
"fr_DZA_elwata_int"	"El Watan"	"2014-07-21 11:21:52.0"	"United States of America"	"1"
"fr_DZA_elwata_int"	"El Watan"	"2014-07-28 11:24:13.0"	"United States of America"	"2"
"fr_DZA_elwata_int"	"El Watan"	"2014-07-31 13:32:50.0"	"United States of America"	"1"
"fr_DZA_elwata_int"	"El Watan"	"2014-08-02 11:32:59.0"	"United States of America"	"1"
"fr_DZA_elwata_int"	"El Watan"	"2014-08-03 11:33:03.0"	"United States of America"	"2"
"fr_DZA_elwata_int"	"El Watan"	"2014-08-06 11:33:16.0"	"United States of America"	"1"
"fr_DZA_elwata_int"	"El Watan"	"2014-08-09 00:10:06.0"	"United States of America"	"1"
"fr_DZA_elwata_int"	"El Watan"	"2014-08-14 11:10:28.0"	"United States of America"	"2"
"fr_DZA_elwata_int"	"El Watan"	"2014-08-18 11:10:39.0"	"United States of America"	"1"
"fr_DZA_elwata_int"	"El Watan"	"2014-08-21 11:26:27.0"	"United States of America"	"1"
"fr_DZA_elwata_int"	"El Watan"	"2014-08-25 11:26:41.0"	"United States of America"	"1"
"fr_DZA_elwata_int"	"El Watan"	"2014-08-26 11:26:45.0"	"United States of America"	"1"
"fr_DZA_elwata_int"	"El Watan"	"2014-08-31 11:58:49.0"	"United States of America"	"2"
"fr_DZA_elwata_int"	"El Watan"	"2014-09-05 11:59:22.0"	"United States of America"	"1"
"fr_DZA_elwata_int"	"El Watan"	"2014-09-11 11:36:14.0"	"United States of America"	"2"
"fr_DZA_elwata_int"	"El Watan"	"2014-09-13 11:36:22.0"	"United States of America"	"1"
"fr_DZA_elwata_int"	"El Watan"	"2014-09-27 11:17:09.0"	"United States of America"	"2"
"fr_DZA_elwata_int"	"El Watan"	"2014-10-02 11:17:31.0"	"United States of America"	"1"
"fr_DZA_elwata_int"	"El Watan"	"2014-10-06 11:16:28.0"	"United States of America"	"1"
"fr_DZA_elwata_int"	"El Watan"	"2014-10-14 11:18:15.0"	"United States of America"	"1"
"fr_DZA_elwata_int"	"El Watan"	"2014-10-15 11:18:19.0"	"United States of America"	"1"
"fr_DZA_elwata_int"	"El Watan"	"2014-10-21 11:20:50.0"	"United States of America"	"1"
"fr_DZA_elwata_int"	"El Watan"	"2014-11-06 11:37:41.0"	"United States of America"	"1"
"fr_DZA_elwata_int"	"El Watan"	"2014-11-13 10:38:16.0"	"United States of America"	"1"
"fr_DZA_elwata_int"	"El Watan"	"2014-11-29 10:45:50.0"	"United States of America"	"1"
"fr_DZA_elwata_int"	"El Watan"	"2014-12-06 10:46:09.0"	"United States of America"	"1"
"fr_DZA_elwata_int"	"El Watan"	"2014-12-10 10:46:23.0"	"United States of America"	"1"
"fr_DZA_elwata_int"	"El Watan"	"2014-12-11 10:41:42.0"	"United States of America"	"1"
"fr_DZA_elwata_int"	"El Watan"	"2014-12-12 10:41:50.0"	"United States of America"	"1"
"fr_DZA_elwata_int"	"El Watan"	"2014-12-18 10:42:28.0"	"United States of America"	"1"
"fr_DZA_elwata_int"	"El Watan"	"2014-12-19 10:59:29.0"	"United States of America"	"1"
"fr_DZA_elwata_int"	"El Watan"	"2014-12-23 10:59:51.0"	"United States of America"	"1"
"fr_DZA_elwata_int"	"El Watan"	"2015-01-15 15:58:15.0"	"United States of America"	"1"
"fr_DZA_elwata_int"	"El Watan"	"2015-01-18 10:58:49.0"	"United States of America"	"1"
"fr_DZA_elwata_int"	"El Watan"	"2015-01-26 23:02:57.0"	"United States of America"	"1"
"fr_DZA_elwata_int"	"El Watan"	"2015-02-12 10:11:19.0"	"United States of America"	"1"
"fr_DZA_elwata_int"	"El Watan"	"2015-02-13 10:11:23.0"	"United States of America"	"1"
"fr_DZA_elwata_int"	"El Watan"	"2015-03-07 10:40:20.0"	"United States of America"	"1"
"fr_DZA_elwata_int"	"El Watan"	"2015-03-14 10:34:51.0"	"United States of America"	"1"
"fr_DZA_elwata_int"	"El Watan"	"2015-03-15 10:34:56.0"	"United States of America"	"1"
"fr_DZA_elwata_int"	"El Watan"	"2015-03-16 10:34:59.0"	"United States of America"	"1"
"fr_DZA_elwata_int"	"El Watan"	"2015-03-27 10:20:56.0"	"United States of America"	"2"
"fr_DZA_elwata_int"	"El Watan"	"2015-04-06 11:21:39.0"	"United States of America"	"1"
"fr_DZA_elwata_int"	"El Watan"	"2015-04-09 11:21:58.0"	"United States of America"	"1"
"fr_DZA_elwata_int"	"El Watan"	"2015-04-12 00:22:09.0"	"United States of America"	"1"
"fr_DZA_elwata_int"	"El Watan"	"2015-04-13 11:37:00.0"	"United States of America"	"1"
"fr_DZA_elwata_int"	"El Watan"	"2015-04-16 11:37:16.0"	"United States of America"	"1"
"fr_DZA_elwata_int"	"El Watan"	"2015-04-18 11:37:24.0"	"United States of America"	"1"
"fr_DZA_elwata_int"	"El Watan"	"2015-04-28 11:43:16.0"	"United States of America"	"1"
"fr_DZA_elwata_int"	"El Watan"	"2015-05-06 11:43:42.0"	"United States of America"	"1"
"fr_DZA_elwata_int"	"El Watan"	"2015-05-12 11:44:06.0"	"United States of America"	"1"
"fr_DZA_elwata_int"	"El Watan"	"2015-05-23 00:00:49.0"	"United States of America"	"1"
"fr_DZA_elwata_int"	"El Watan"	"2015-05-30 11:22:25.0"	"United States of America"	"1"
"fr_DZA_elwata_int"	"El Watan"	"2015-06-12 11:33:25.0"	"United States of America"	"1"
"fr_DZA_elwata_int"	"El Watan"	"2015-06-14 11:33:40.0"	"United States of America"	"1"
"fr_DZA_elwata_int"	"El Watan"	"2014-04-12 11:42:58.0"	"Vatican"	"1"
"fr_DZA_elwata_int"	"El Watan"	"2014-09-25 00:08:21.0"	"Vatican"	"1"
"fr_DZA_elwata_int"	"El Watan"	"2015-05-17 11:44:26.0"	"Vatican"	"1"
"fr_DZA_elwata_int"	"El Watan"	"2015-06-27 11:34:38.0"	"Vatican"	"1"
"fr_DZA_elwata_int"	"El Watan"	"2014-03-02 10:16:41.0"	"Venezuela"	"1"
"fr_DZA_elwata_int"	"El Watan"	"2014-03-27 10:17:04.0"	"Venezuela"	"1"
"fr_DZA_elwata_int"	"El Watan"	"2014-08-24 11:26:37.0"	"Venezuela"	"1"
"fr_DZA_elwata_int"	"El Watan"	"2015-02-27 10:37:21.0"	"Venezuela"	"1"
"fr_DZA_elwata_int"	"El Watan"	"2015-04-12 00:22:09.0"	"Venezuela"	"1"
"fr_DZA_elwata_int"	"El Watan"	"2014-02-11 10:22:05.0"	"Yemen"	"1"
"fr_DZA_elwata_int"	"El Watan"	"2014-10-17 11:20:32.0"	"Yemen"	"1"
"fr_DZA_elwata_int"	"El Watan"	"2015-01-26 23:02:57.0"	"Yemen"	"1"
"fr_DZA_elwata_int"	"El Watan"	"2015-02-02 10:12:21.0"	"Yemen"	"1"
"fr_DZA_elwata_int"	"El Watan"	"2015-02-08 10:49:08.0"	"Yemen"	"1"
"fr_DZA_elwata_int"	"El Watan"	"2015-02-21 10:12:54.0"	"Yemen"	"1"
"fr_DZA_elwata_int"	"El Watan"	"2015-02-23 10:13:02.0"	"Yemen"	"1"
"fr_DZA_elwata_int"	"El Watan"	"2015-03-20 10:41:44.0"	"Yemen"	"1"
"fr_DZA_elwata_int"	"El Watan"	"2015-03-23 10:44:37.0"	"Yemen"	"1"
"fr_DZA_elwata_int"	"El Watan"	"2015-03-25 10:20:47.0"	"Yemen"	"1"
"fr_DZA_elwata_int"	"El Watan"	"2015-03-26 10:20:52.0"	"Yemen"	"1"
"fr_DZA_elwata_int"	"El Watan"	"2015-03-27 10:20:56.0"	"Yemen"	"2"
"fr_DZA_elwata_int"	"El Watan"	"2015-03-29 11:21:02.0"	"Yemen"	"1"
"fr_DZA_elwata_int"	"El Watan"	"2015-04-01 11:21:15.0"	"Yemen"	"1"
"fr_DZA_elwata_int"	"El Watan"	"2015-04-07 11:21:44.0"	"Yemen"	"1"
"fr_DZA_elwata_int"	"El Watan"	"2015-04-10 11:22:02.0"	"Yemen"	"1"
"fr_DZA_elwata_int"	"El Watan"	"2015-04-17 11:37:20.0"	"Yemen"	"1"
"fr_DZA_elwata_int"	"El Watan"	"2015-04-18 11:37:24.0"	"Yemen"	"1"
"fr_DZA_elwata_int"	"El Watan"	"2015-04-23 00:06:35.0"	"Yemen"	"1"
"fr_DZA_elwata_int"	"El Watan"	"2015-04-25 00:06:46.0"	"Yemen"	"1"
"fr_DZA_elwata_int"	"El Watan"	"2015-05-05 11:43:37.0"	"Yemen"	"1"
"fr_DZA_elwata_int"	"El Watan"	"2015-05-12 11:44:06.0"	"Yemen"	"1"
"fr_DZA_elwata_int"	"El Watan"	"2014-02-01 10:27:06.0"	"South Africa"	"1"
"fr_DZA_elwata_int"	"El Watan"	"2014-08-25 11:26:41.0"	"South Africa"	"1"
"fr_DZA_elwata_int"	"El Watan"	"2014-08-30 11:26:59.0"	"South Africa"	"1"
"fr_DZA_elwata_int"	"El Watan"	"2015-04-19 11:37:35.0"	"South Africa"	"1"
"fr_DZA_elwata_int"	"El Watan"	"2015-04-23 00:06:35.0"	"South Africa"	"1"
"fr_DZA_elwata_int"	"El Watan"	"2015-04-25 00:06:46.0"	"South Africa"	"1"
"fr_DZA_elwata_int"	"El Watan"	"2015-06-15 11:33:44.0"	"South Africa"	"1"
"fr_DZA_elwata_int"	"El Watan"	"2014-07-16 11:20:05.0"	"Zambia"	"1"
