"en_AUS_austra_int"	"The Australian"	"Afghanistan"	"85"
"en_AUS_austra_int"	"The Australian"	"United Arab Emirates"	"2"
"en_AUS_austra_int"	"The Australian"	"Argentina"	"7"
"en_AUS_austra_int"	"The Australian"	"Armenia"	"3"
"en_AUS_austra_int"	"The Australian"	"Australia"	"73"
"en_AUS_austra_int"	"The Australian"	"Austria"	"1"
"en_AUS_austra_int"	"The Australian"	"Burundi"	"4"
"en_AUS_austra_int"	"The Australian"	"Belgium"	"10"
"en_AUS_austra_int"	"The Australian"	"Burkina Faso"	"3"
"en_AUS_austra_int"	"The Australian"	"Bangladesh"	"7"
"en_AUS_austra_int"	"The Australian"	"Bahrain"	"1"
"en_AUS_austra_int"	"The Australian"	"Belarus"	"1"
"en_AUS_austra_int"	"The Australian"	"Bolivia"	"3"
"en_AUS_austra_int"	"The Australian"	"Brazil"	"35"
"en_AUS_austra_int"	"The Australian"	"Central African Republic"	"2"
"en_AUS_austra_int"	"The Australian"	"Canada"	"23"
"en_AUS_austra_int"	"The Australian"	"Switzerland"	"11"
"en_AUS_austra_int"	"The Australian"	"Chile"	"16"
"en_AUS_austra_int"	"The Australian"	"China"	"276"
"en_AUS_austra_int"	"The Australian"	"Cameroon"	"2"
"en_AUS_austra_int"	"The Australian"	"Colombia"	"1"
"en_AUS_austra_int"	"The Australian"	"Costa Rica"	"1"
"en_AUS_austra_int"	"The Australian"	"Cuba"	"24"
"en_AUS_austra_int"	"The Australian"	"Cyprus"	"1"
"en_AUS_austra_int"	"The Australian"	"Czech Republic"	"1"
"en_AUS_austra_int"	"The Australian"	"Germany"	"51"
"en_AUS_austra_int"	"The Australian"	"Denmark"	"4"
"en_AUS_austra_int"	"The Australian"	"Algeria"	"3"
"en_AUS_austra_int"	"The Australian"	"Egypt"	"65"
"en_AUS_austra_int"	"The Australian"	"Eritrea"	"1"
"en_AUS_austra_int"	"The Australian"	"Spain"	"30"
"en_AUS_austra_int"	"The Australian"	"Estonia"	"1"
"en_AUS_austra_int"	"The Australian"	"Ethiopia"	"1"
"en_AUS_austra_int"	"The Australian"	"Fiji"	"24"
"en_AUS_austra_int"	"The Australian"	"France"	"137"
"en_AUS_austra_int"	"The Australian"	"United Kingdom"	"258"
"en_AUS_austra_int"	"The Australian"	"Ghana"	"1"
"en_AUS_austra_int"	"The Australian"	"Guinea"	"2"
"en_AUS_austra_int"	"The Australian"	"Gambia"	"1"
"en_AUS_austra_int"	"The Australian"	"Greece"	"129"
"en_AUS_austra_int"	"The Australian"	"Greenland"	"2"
"en_AUS_austra_int"	"The Australian"	"Hong Kong"	"40"
"en_AUS_austra_int"	"The Australian"	"Honduras"	"1"
"en_AUS_austra_int"	"The Australian"	"Croatia"	"2"
"en_AUS_austra_int"	"The Australian"	"Hungary"	"5"
"en_AUS_austra_int"	"The Australian"	"Indonesia"	"77"
"en_AUS_austra_int"	"The Australian"	"India"	"103"
"en_AUS_austra_int"	"The Australian"	"Ireland"	"17"
"en_AUS_austra_int"	"The Australian"	"Iran"	"112"
"en_AUS_austra_int"	"The Australian"	"Iraq"	"182"
"en_AUS_austra_int"	"The Australian"	"Iceland"	"4"
"en_AUS_austra_int"	"The Australian"	"Israel"	"202"
"en_AUS_austra_int"	"The Australian"	"Italy"	"33"
"en_AUS_austra_int"	"The Australian"	"Jamaica"	"1"
"en_AUS_austra_int"	"The Australian"	"Jordan"	"17"
"en_AUS_austra_int"	"The Australian"	"Japan"	"88"
"en_AUS_austra_int"	"The Australian"	"Kenya"	"18"
"en_AUS_austra_int"	"The Australian"	"Cambodia"	"3"
"en_AUS_austra_int"	"The Australian"	"South Korea"	"10"
"en_AUS_austra_int"	"The Australian"	"Kuwait"	"2"
"en_AUS_austra_int"	"The Australian"	"Lebanon"	"17"
"en_AUS_austra_int"	"The Australian"	"Liberia"	"6"
"en_AUS_austra_int"	"The Australian"	"Libya"	"23"
"en_AUS_austra_int"	"The Australian"	"Sri Lanka"	"18"
"en_AUS_austra_int"	"The Australian"	"Lesotho"	"2"
"en_AUS_austra_int"	"The Australian"	"Lithuania"	"2"
"en_AUS_austra_int"	"The Australian"	"Macau"	"1"
"en_AUS_austra_int"	"The Australian"	"Monaco"	"2"
"en_AUS_austra_int"	"The Australian"	"Moldova"	"2"
"en_AUS_austra_int"	"The Australian"	"Maldives"	"2"
"en_AUS_austra_int"	"The Australian"	"Mexico"	"19"
"en_AUS_austra_int"	"The Australian"	"Macedonia"	"1"
"en_AUS_austra_int"	"The Australian"	"Mali"	"4"
"en_AUS_austra_int"	"The Australian"	"Myanmar"	"13"
"en_AUS_austra_int"	"The Australian"	"Mauritania"	"1"
"en_AUS_austra_int"	"The Australian"	"Malawi"	"1"
"en_AUS_austra_int"	"The Australian"	"Malaysia"	"49"
"en_AUS_austra_int"	"The Australian"	"Niger"	"4"
"en_AUS_austra_int"	"The Australian"	"Nigeria"	"58"
"en_AUS_austra_int"	"The Australian"	"Norway"	"3"
"en_AUS_austra_int"	"The Australian"	"Nepal"	"35"
"en_AUS_austra_int"	"The Australian"	"Nauru"	"3"
"en_AUS_austra_int"	"The Australian"	"New Zealand"	"1"
"en_AUS_austra_int"	"The Australian"	"Pakistan"	"42"
"en_AUS_austra_int"	"The Australian"	"Peru"	"3"
"en_AUS_austra_int"	"The Australian"	"Philippines"	"23"
"en_AUS_austra_int"	"The Australian"	"Palau"	"1"
"en_AUS_austra_int"	"The Australian"	"Poland"	"10"
"en_AUS_austra_int"	"The Australian"	"North Korea"	"40"
"en_AUS_austra_int"	"The Australian"	"Portugal"	"2"
"en_AUS_austra_int"	"The Australian"	"Qatar"	"5"
"en_AUS_austra_int"	"The Australian"	"Romania"	"1"
"en_AUS_austra_int"	"The Australian"	"Rwanda"	"2"
"en_AUS_austra_int"	"The Australian"	"Saudi Arabia"	"32"
"en_AUS_austra_int"	"The Australian"	"Sudan"	"19"
"en_AUS_austra_int"	"The Australian"	"Singapore"	"9"
"en_AUS_austra_int"	"The Australian"	"Sierra Leone"	"5"
"en_AUS_austra_int"	"The Australian"	"El Salvador"	"2"
"en_AUS_austra_int"	"The Australian"	"Somalia"	"1"
"en_AUS_austra_int"	"The Australian"	"South Sudan"	"8"
"en_AUS_austra_int"	"The Australian"	"Slovenia"	"1"
"en_AUS_austra_int"	"The Australian"	"Sweden"	"13"
"en_AUS_austra_int"	"The Australian"	"Syria"	"168"
"en_AUS_austra_int"	"The Australian"	"Chad"	"6"
"en_AUS_austra_int"	"The Australian"	"Thailand"	"95"
"en_AUS_austra_int"	"The Australian"	"Timor-Leste"	"3"
"en_AUS_austra_int"	"The Australian"	"Tonga"	"5"
"en_AUS_austra_int"	"The Australian"	"Tunisia"	"16"
"en_AUS_austra_int"	"The Australian"	"Turkey"	"73"
"en_AUS_austra_int"	"The Australian"	"Taiwan"	"18"
"en_AUS_austra_int"	"The Australian"	"Uganda"	"3"
"en_AUS_austra_int"	"The Australian"	"Ukraine"	"357"
"en_AUS_austra_int"	"The Australian"	"United States of America"	"925"
"en_AUS_austra_int"	"The Australian"	"Vatican"	"86"
"en_AUS_austra_int"	"The Australian"	"Venezuela"	"13"
"en_AUS_austra_int"	"The Australian"	"Vietnam"	"1"
"en_AUS_austra_int"	"The Australian"	"Vanuatu"	"11"
"en_AUS_austra_int"	"The Australian"	"Yemen"	"29"
"en_AUS_austra_int"	"The Australian"	"South Africa"	"74"
"en_AUS_austra_int"	"The Australian"	"Zambia"	"2"
"en_AUS_austra_int"	"The Australian"	"Zimbabwe"	"1"
