"en_MLT_tmalta_int"	"Times of Malta"	"Afghanistan"	"48"
"en_MLT_tmalta_int"	"Times of Malta"	"Albania"	"4"
"en_MLT_tmalta_int"	"Times of Malta"	"United Arab Emirates"	"3"
"en_MLT_tmalta_int"	"Times of Malta"	"Argentina"	"7"
"en_MLT_tmalta_int"	"Times of Malta"	"Armenia"	"5"
"en_MLT_tmalta_int"	"Times of Malta"	"Australia"	"71"
"en_MLT_tmalta_int"	"Times of Malta"	"Austria"	"15"
"en_MLT_tmalta_int"	"Times of Malta"	"Azerbaijan"	"2"
"en_MLT_tmalta_int"	"Times of Malta"	"Burundi"	"1"
"en_MLT_tmalta_int"	"Times of Malta"	"Belgium"	"41"
"en_MLT_tmalta_int"	"Times of Malta"	"Burkina Faso"	"6"
"en_MLT_tmalta_int"	"Times of Malta"	"Bangladesh"	"5"
"en_MLT_tmalta_int"	"Times of Malta"	"Bulgaria"	"4"
"en_MLT_tmalta_int"	"Times of Malta"	"Bahrain"	"1"
"en_MLT_tmalta_int"	"Times of Malta"	"Belarus"	"2"
"en_MLT_tmalta_int"	"Times of Malta"	"Bolivia"	"1"
"en_MLT_tmalta_int"	"Times of Malta"	"Brazil"	"21"
"en_MLT_tmalta_int"	"Times of Malta"	"Central African Republic"	"1"
"en_MLT_tmalta_int"	"Times of Malta"	"Canada"	"30"
"en_MLT_tmalta_int"	"Times of Malta"	"Switzerland"	"28"
"en_MLT_tmalta_int"	"Times of Malta"	"Chile"	"6"
"en_MLT_tmalta_int"	"Times of Malta"	"China"	"94"
"en_MLT_tmalta_int"	"Times of Malta"	"Cameroon"	"3"
"en_MLT_tmalta_int"	"Times of Malta"	"Congo"	"3"
"en_MLT_tmalta_int"	"Times of Malta"	"Colombia"	"2"
"en_MLT_tmalta_int"	"Times of Malta"	"Cuba"	"34"
"en_MLT_tmalta_int"	"Times of Malta"	"Cyprus"	"11"
"en_MLT_tmalta_int"	"Times of Malta"	"Czech Republic"	"8"
"en_MLT_tmalta_int"	"Times of Malta"	"Germany"	"129"
"en_MLT_tmalta_int"	"Times of Malta"	"Denmark"	"17"
"en_MLT_tmalta_int"	"Times of Malta"	"Algeria"	"9"
"en_MLT_tmalta_int"	"Times of Malta"	"Egypt"	"116"
"en_MLT_tmalta_int"	"Times of Malta"	"Spain"	"74"
"en_MLT_tmalta_int"	"Times of Malta"	"Estonia"	"2"
"en_MLT_tmalta_int"	"Times of Malta"	"Ethiopia"	"4"
"en_MLT_tmalta_int"	"Times of Malta"	"Finland"	"4"
"en_MLT_tmalta_int"	"Times of Malta"	"Falkland Islands"	"1"
"en_MLT_tmalta_int"	"Times of Malta"	"France"	"223"
"en_MLT_tmalta_int"	"Times of Malta"	"United Kingdom"	"373"
"en_MLT_tmalta_int"	"Times of Malta"	"Georgia"	"7"
"en_MLT_tmalta_int"	"Times of Malta"	"Ghana"	"1"
"en_MLT_tmalta_int"	"Times of Malta"	"Guinea"	"5"
"en_MLT_tmalta_int"	"Times of Malta"	"Greece"	"173"
"en_MLT_tmalta_int"	"Times of Malta"	"Guatemala"	"1"
"en_MLT_tmalta_int"	"Times of Malta"	"Hong Kong"	"55"
"en_MLT_tmalta_int"	"Times of Malta"	"Honduras"	"1"
"en_MLT_tmalta_int"	"Times of Malta"	"Croatia"	"2"
"en_MLT_tmalta_int"	"Times of Malta"	"Hungary"	"10"
"en_MLT_tmalta_int"	"Times of Malta"	"Indonesia"	"32"
"en_MLT_tmalta_int"	"Times of Malta"	"India"	"38"
"en_MLT_tmalta_int"	"Times of Malta"	"Ireland"	"18"
"en_MLT_tmalta_int"	"Times of Malta"	"Iran"	"118"
"en_MLT_tmalta_int"	"Times of Malta"	"Iraq"	"181"
"en_MLT_tmalta_int"	"Times of Malta"	"Iceland"	"8"
"en_MLT_tmalta_int"	"Times of Malta"	"Israel"	"192"
"en_MLT_tmalta_int"	"Times of Malta"	"Italy"	"198"
"en_MLT_tmalta_int"	"Times of Malta"	"Jamaica"	"3"
"en_MLT_tmalta_int"	"Times of Malta"	"Jordan"	"24"
"en_MLT_tmalta_int"	"Times of Malta"	"Japan"	"43"
"en_MLT_tmalta_int"	"Times of Malta"	"Kazakhstan"	"1"
"en_MLT_tmalta_int"	"Times of Malta"	"Kenya"	"25"
"en_MLT_tmalta_int"	"Times of Malta"	"Cambodia"	"1"
"en_MLT_tmalta_int"	"Times of Malta"	"South Korea"	"12"
"en_MLT_tmalta_int"	"Times of Malta"	"Kuwait"	"5"
"en_MLT_tmalta_int"	"Times of Malta"	"Lebanon"	"14"
"en_MLT_tmalta_int"	"Times of Malta"	"Liberia"	"21"
"en_MLT_tmalta_int"	"Times of Malta"	"Libya"	"318"
"en_MLT_tmalta_int"	"Times of Malta"	"Sri Lanka"	"8"
"en_MLT_tmalta_int"	"Times of Malta"	"Lesotho"	"1"
"en_MLT_tmalta_int"	"Times of Malta"	"Lithuania"	"4"
"en_MLT_tmalta_int"	"Times of Malta"	"Luxembourg"	"2"
"en_MLT_tmalta_int"	"Times of Malta"	"Latvia"	"1"
"en_MLT_tmalta_int"	"Times of Malta"	"Morocco"	"5"
"en_MLT_tmalta_int"	"Times of Malta"	"Monaco"	"2"
"en_MLT_tmalta_int"	"Times of Malta"	"Moldova"	"6"
"en_MLT_tmalta_int"	"Times of Malta"	"Madagascar"	"1"
"en_MLT_tmalta_int"	"Times of Malta"	"Maldives"	"2"
"en_MLT_tmalta_int"	"Times of Malta"	"Mexico"	"8"
"en_MLT_tmalta_int"	"Times of Malta"	"Macedonia"	"4"
"en_MLT_tmalta_int"	"Times of Malta"	"Mali"	"9"
"en_MLT_tmalta_int"	"Times of Malta"	"Malta"	"21"
"en_MLT_tmalta_int"	"Times of Malta"	"Myanmar"	"3"
"en_MLT_tmalta_int"	"Times of Malta"	"Malaysia"	"35"
"en_MLT_tmalta_int"	"Times of Malta"	"Niger"	"5"
"en_MLT_tmalta_int"	"Times of Malta"	"Nigeria"	"65"
"en_MLT_tmalta_int"	"Times of Malta"	"Nicaragua"	"1"
"en_MLT_tmalta_int"	"Times of Malta"	"Norway"	"4"
"en_MLT_tmalta_int"	"Times of Malta"	"Nepal"	"50"
"en_MLT_tmalta_int"	"Times of Malta"	"New Zealand"	"4"
"en_MLT_tmalta_int"	"Times of Malta"	"Oman"	"5"
"en_MLT_tmalta_int"	"Times of Malta"	"Pakistan"	"47"
"en_MLT_tmalta_int"	"Times of Malta"	"Peru"	"5"
"en_MLT_tmalta_int"	"Times of Malta"	"Philippines"	"16"
"en_MLT_tmalta_int"	"Times of Malta"	"Poland"	"25"
"en_MLT_tmalta_int"	"Times of Malta"	"North Korea"	"25"
"en_MLT_tmalta_int"	"Times of Malta"	"Portugal"	"6"
"en_MLT_tmalta_int"	"Times of Malta"	"Qatar"	"3"
"en_MLT_tmalta_int"	"Times of Malta"	"Romania"	"3"
"en_MLT_tmalta_int"	"Times of Malta"	"Rwanda"	"1"
"en_MLT_tmalta_int"	"Times of Malta"	"Saudi Arabia"	"46"
"en_MLT_tmalta_int"	"Times of Malta"	"Sudan"	"17"
"en_MLT_tmalta_int"	"Times of Malta"	"Senegal"	"5"
"en_MLT_tmalta_int"	"Times of Malta"	"Singapore"	"4"
"en_MLT_tmalta_int"	"Times of Malta"	"Sierra Leone"	"19"
"en_MLT_tmalta_int"	"Times of Malta"	"Somalia"	"17"
"en_MLT_tmalta_int"	"Times of Malta"	"Serbia"	"9"
"en_MLT_tmalta_int"	"Times of Malta"	"South Sudan"	"1"
"en_MLT_tmalta_int"	"Times of Malta"	"Slovakia"	"1"
"en_MLT_tmalta_int"	"Times of Malta"	"Slovenia"	"2"
"en_MLT_tmalta_int"	"Times of Malta"	"Sweden"	"21"
"en_MLT_tmalta_int"	"Times of Malta"	"Syria"	"193"
"en_MLT_tmalta_int"	"Times of Malta"	"Chad"	"3"
"en_MLT_tmalta_int"	"Times of Malta"	"Thailand"	"19"
"en_MLT_tmalta_int"	"Times of Malta"	"Tonga"	"1"
"en_MLT_tmalta_int"	"Times of Malta"	"Tunisia"	"64"
"en_MLT_tmalta_int"	"Times of Malta"	"Turkey"	"80"
"en_MLT_tmalta_int"	"Times of Malta"	"Taiwan"	"10"
"en_MLT_tmalta_int"	"Times of Malta"	"Uganda"	"3"
"en_MLT_tmalta_int"	"Times of Malta"	"Ukraine"	"361"
"en_MLT_tmalta_int"	"Times of Malta"	"United States of America"	"626"
"en_MLT_tmalta_int"	"Times of Malta"	"Vatican"	"218"
"en_MLT_tmalta_int"	"Times of Malta"	"Venezuela"	"3"
"en_MLT_tmalta_int"	"Times of Malta"	"Vanuatu"	"3"
"en_MLT_tmalta_int"	"Times of Malta"	"Yemen"	"74"
"en_MLT_tmalta_int"	"Times of Malta"	"South Africa"	"46"
"en_MLT_tmalta_int"	"Times of Malta"	"Zambia"	"1"
